pathway,pathway_label,cohort,N_input,N_mapped,NES,raw_P,BH_adjusted_P,significant_BH_0_05,consistency,leading_edge_size,leading_edge
HALLMARK_MTORC1_SIGNALING,Hallmark mTORC1 signaling,GSE51472,200,198,1.81195381474006,1.28288929733807e-05,6.41444648669037e-05,True,Inconsistent,56,"IFI30,ITGB2,PDK1,SKAP2,CTSC,STC1,SLA,CXCR4,CORO1A,RRM2,SLC2A3,DAPP1,PGK1,BCAT1,ME1,GLRX,XBP1,SYTL2,HPRT1,MTHFD2,SLC2A1,NFIL3,PNP,TFRC,ACTR3,PLOD2,PSMG1,P4HA1,PSMD14,M6PR,HSPE1,IDH1,PSMA3,DDIT4,STARD4,ERO1A,SERP1,AURKA,LGMN,PPIA,SEC11A,PSMD13,YKT6,ACTR2,PSMA4,EDEM1,UBE2D3,SDF2L1,ARPC5L,PNO1,PSMC2,CDKN1A,TPI1,BUB1,ETF1,ATP2A2"
HALLMARK_MTORC1_SIGNALING,Hallmark mTORC1 signaling,INTEGRATED,200,198,1.89831072491456,5.30060450275009e-07,2.65030225137504e-06,True,Inconsistent,72,"IFI30,CTSC,ITGB2,CXCR4,CORO1A,STC1,PDK1,SLA,PGK1,SLC2A3,RRM2,ME1,SKAP2,SYTL2,BCAT1,GLRX,HPRT1,DAPP1,MTHFD2,PSMG1,M6PR,ACTR3,TFRC,SERP1,XBP1,PSMD14,PSMA3,NFIL3,P4HA1,PNP,HSPE1,IDH1,PPIA,ERO1A,PSMC2,PSMA4,LGMN,SDF2L1,ATP2A2,PSMD13,SEC11A,PLOD2,AURKA,ARPC5L,YKT6,EDEM1,CDKN1A,ETF1,SLC2A1,UBE2D3,TUBA4A,ATP6V1D,COPS5,STARD4,PSMC6,ACTR2,GCLC,TPI1,SC5D,BUB1,PNO1,EIF2S2,CACYBP,TES,UCHL5,DDX39A,NUPR1,LDHA,TCEA1,SLC1A5,EEF1E1,GLA"
HALLMARK_MTORC1_SIGNALING,Hallmark mTORC1 signaling,GSE83453,200,198,-1.40876127114082,0.00396105654923293,0.00660176091538821,True,Inconsistent,57,"BTG2,DDIT4,NAMPT,VLDLR,TCEA1,TXNRD1,MTHFD2,NFIL3,TM7SF2,ADD3,CACYBP,FGL2,SC5D,PHGDH,ACSL3,IDH1,HK2,PSMC6,PSAT1,PSMC4,SERP1,GBE1,SORD,GOT1,UFM1,PPA1,IFRD1,UBE2D3,DHCR7,CD9,AK4,ACACA,SQSTM1,SCD,ATP2A2,HSPD1,QDPR,IGFBP5,INSIG1,PSMA4,PNO1,PPP1R15A,TMEM97,IDI1,ADIPOR2,PSMD12,DHFR,HSP90B1,ASNS,DHCR24,TFRC,PSMG1,PSMA3,PGK1,CCNG1,MTHFD2L,PGM1"
CUSTOM_LEPTIN_MTOR_SIGNALING,Leptin–mTOR signaling,GSE51472,22,22,-1.06564194035318,0.360721442885772,0.601202404809619,False,Directional consistency,11,"LEPR,IRS1,FOXO1,IRS2,TSC2,DEPTOR,PIK3CA,AKT2,TSC1,AKT1,RPTOR"
CUSTOM_LEPTIN_MTOR_SIGNALING,Leptin–mTOR signaling,INTEGRATED,22,22,-1.26156225215306,0.175700934579439,0.292834890965732,False,Directional consistency,10,"LEPR,IRS1,FOXO1,TSC2,IRS2,DEPTOR,AKT1,AKT2,TSC1,PIK3CA"
CUSTOM_LEPTIN_MTOR_SIGNALING,Leptin–mTOR signaling,GSE83453,22,22,-1.40476672811419,0.10062893081761,0.125786163522013,False,Directional consistency,8,"IRS2,LEPR,FOXO1,RPS6,IRS1,PIK3CB,RHEB,PTEN"
CUSTOM_MTOR_AUTOPHAGY_LIPOPHAGY_AXIS,mTOR–autophagy–lipophagy axis,GSE51472,20,20,0.521722126951272,0.990079365079365,0.990079365079365,False,Directional consistency,3,"ATG5,PRKAA1,ATG7"
CUSTOM_MTOR_AUTOPHAGY_LIPOPHAGY_AXIS,mTOR–autophagy–lipophagy axis,INTEGRATED,20,20,0.775317787323129,0.779874213836478,0.779874213836478,False,Directional consistency,5,"PRKAA1,ATG5,ATG7,RAB7A,ATG12"
CUSTOM_MTOR_AUTOPHAGY_LIPOPHAGY_AXIS,mTOR–autophagy–lipophagy axis,GSE83453,20,20,0.841046519899751,0.687619047619048,0.687619047619048,False,Directional consistency,12,"MCOLN1,WIPI2,ATG7,WIPI1,ATG13,ZKSCAN3,PRKAA1,TFEB,ATG5,ATG12,ATG14,ULK1"
CUSTOM_LIPOPHAGY_CORE,Lipophagy core,GSE51472,22,22,-0.824638213432052,0.735470941883767,0.919338677354709,False,Directional consistency,8,"GPAM,CIDEC,PPARA,PLIN4,LAMP2,CIDEA,FITM2,CPT1A"
CUSTOM_LIPOPHAGY_CORE,Lipophagy core,INTEGRATED,22,22,-0.953793629654737,0.510280373831776,0.63785046728972,False,Directional consistency,10,"GPAM,CIDEC,LAMP2,PPARA,PLIN4,FITM2,CIDEA,CPT1A,FABP4,GABARAPL1"
CUSTOM_LIPOPHAGY_CORE,Lipophagy core,GSE83453,22,22,-1.80266345409629,0.00388232442406703,0.00660176091538821,True,Directional consistency,13,"CIDEC,FABP4,PLIN4,PLIN2,CD36,CIDEA,GPAM,RAB7A,LIPE,GABARAPL1,CPT1A,LAMP2,PNPLA8"
CUSTOM_VIC_OSTEOGENIC_DIFFERENTIATION,VIC osteogenic differentiation,GSE51472,27,25,1.6475967580956,0.0152269829217736,0.038067457304434,True,Strong consistency,7,"IBSP,SPP1,RUNX2,ENPP1,DLX5,SLC20A1,WNT5A"
CUSTOM_VIC_OSTEOGENIC_DIFFERENTIATION,VIC osteogenic differentiation,INTEGRATED,27,25,1.71698599979818,0.0087618109722622,0.0219045274306555,True,Strong consistency,7,"IBSP,SPP1,RUNX2,ENPP1,COL1A1,DLX5,SLC20A1"
CUSTOM_VIC_OSTEOGENIC_DIFFERENTIATION,VIC osteogenic differentiation,GSE83453,27,25,1.87154463799352,0.00191513745637355,0.00660176091538821,True,Strong consistency,9,"SPP1,COL1A1,COL1A2,IBSP,SLC20A1,DLX5,RUNX2,ALPL,ENPP1"
