pathway	cohort	cohort_short	bh_pool	N_input	N_mapped	NES	pval	padj	padj_within_pool	leading_edge	leading_edge_size	ranking_metric
CUSTOM_LEPTIN_MTOR_SIGNALING	GSE51472_hypothesis_5pool	GSE51472	hypothesis_5pool	22	22	-1.06564194035318	0.360721442885772	0.601202404809619	0.601202404809619	LEPR,IRS1,FOXO1,IRS2,TSC2,DEPTOR,PIK3CA,AKT2,TSC1,AKT1,RPTOR	11	limma_logFC_with_stable_jitter_seed42
CUSTOM_LIPOPHAGY_CORE	GSE51472_hypothesis_5pool	GSE51472	hypothesis_5pool	22	22	-0.824638213432052	0.735470941883767	0.919338677354709	0.919338677354709	GPAM,CIDEC,PPARA,PLIN4,LAMP2,CIDEA,FITM2,CPT1A	8	limma_logFC_with_stable_jitter_seed42
CUSTOM_MTOR_AUTOPHAGY_LIPOPHAGY_AXIS	GSE51472_hypothesis_5pool	GSE51472	hypothesis_5pool	20	20	0.521722126951272	0.990079365079365	0.990079365079365	0.990079365079365	ATG5,PRKAA1,ATG7	3	limma_logFC_with_stable_jitter_seed42
CUSTOM_VIC_OSTEOGENIC_DIFFERENTIATION	GSE51472_hypothesis_5pool	GSE51472	hypothesis_5pool	27	25	1.6475967580956	0.0152269829217736	0.038067457304434	0.038067457304434	IBSP,SPP1,RUNX2,ENPP1,DLX5,SLC20A1,WNT5A	7	limma_logFC_with_stable_jitter_seed42
HALLMARK_MTORC1_SIGNALING	GSE51472_hypothesis_5pool	GSE51472	hypothesis_5pool	200	198	1.81195381474006	1.28288929733807e-05	6.41444648669037e-05	6.41444648669037e-05	IFI30,ITGB2,PDK1,SKAP2,CTSC,STC1,SLA,CXCR4,CORO1A,RRM2,SLC2A3,DAPP1,PGK1,BCAT1,ME1,GLRX,XBP1,SYTL2,HPRT1,MTHFD2,SLC2A1,NFIL3,PNP,TFRC,ACTR3,PLOD2,PSMG1,P4HA1,PSMD14,M6PR,HSPE1,IDH1,PSMA3,DDIT4,STARD4,ERO1A,SERP1,AURKA,LGMN,PPIA,SEC11A,PSMD13,YKT6,ACTR2,PSMA4,EDEM1,UBE2D3,SDF2L1,ARPC5L,PNO1,PSMC2,CDKN1A,TPI1,BUB1,ETF1,ATP2A2	56	limma_logFC_with_stable_jitter_seed42
CUSTOM_S100A9_RAGE_CALCIFICATION	GSE51472_supplementary	GSE51472	supplementary_solo	17	17	2.1511350400754	1.49323629701626e-06	1.49323629701626e-06	1.49323629701626e-06	MMP9,S100A8,CXCL8,S100A9,IL18,CASP1,IL6,NLRP3,IL1B	9	limma_logFC_with_stable_jitter_seed42
HALLMARK_ADIPOGENESIS	GSE51472_hallmark_50pool	GSE51472	hallmark_50pool	200	198	0.917877364123264	0.673949579831933	0.732553891121666	0.732553891121666	CD36,NABP1,ENPP2,ANGPT1,LEP,DNAJB9,OMD,ME1,GADD45A,COX7B,IFNGR1,DRAM2,UCP2,MYLK,MRPL15,COL4A1,UQCRQ,REEP5,UQCR11,MTCH2,IDH1,GHITM,APOE,FABP4,DHRS7,UQCR10,CHUK,PTGER3,NDUFS3,SLC66A3,PLIN2,COX8A,SQOR,NDUFAB1,STOM,COX6A1,ATP5PO,ITGA7,CHCHD10,RETN,PREB,NDUFB7,DNAJC15,COQ5,LPCAT3,SNCG,SUCLG1,JAGN1,ELOVL6,IDH3A,TANK,SCP2,CYC1	53	limma_logFC_with_stable_jitter_seed42
HALLMARK_ALLOGRAFT_REJECTION	GSE51472_hallmark_50pool	GSE51472	hallmark_50pool	200	200	3.05032364467942	6.29320617827831e-38	3.14660308913915e-36	3.14660308913915e-36	MMP9,CXCL13,GZMB,GZMA,HLA-DOB,CD86,SRGN,LY86,PTPRC,GPR65,CCL19,CD2,CCR1,CD28,LCP2,CCL5,ITK,TRAT1,CCL4,HLA-DRA,ST8SIA4,ITGAL,CTSS,ITGB2,LCK,FYB1,CCR2,IL18,HLA-DMB,CD3D,CCL11,CD247,CXCL9,HLA-DOA,CCR5,IRF8,TLR2,CD8A,CRTAM,HCLS1,IGSF6,IL18RAP,HLA-DMA,NCF4,PRF1,CD1D,STAT4,IL2RB,IL7,HDAC9,FCGR2B,CAPG,CD74,CD79A,GALNT1,CCL7,IL2RA,IL2RG,LTB,IL6,BCAT1,TPD52,TLR1,KLRD1,CD96,PTPN6,CDKN2A,FGR,THY1,NME1,LYN,IL12RB1,CD80,CD3E,MAP4K1,HIF1A,NLRP3,ZAP70,IFNGR1,CXCR3,PF4,IL27RA,IL1B,CCL13,INHBA,WAS,IL15,SIT1,IL11,CD3G,IRF4,STAB1,CD4,NPM1,BCL10,HLA-DQA1,FASLG,ETS1,C2,RPS3A,UBE2N,CD8B,PSMB10,GCNT1,SPI1	105	limma_logFC_with_stable_jitter_seed42
HALLMARK_ANDROGEN_RESPONSE	GSE51472_hallmark_50pool	GSE51472	hallmark_50pool	100	99	0.948326755568522	0.560283687943262	0.636686009026435	0.636686009026435	INPP4B,HPGD,SPCS3,TNFAIP8,TPD52,DNAJB9,IQGAP2,MAF,ELL2,CENPN,SGK1,TMEM50A,SRP19	13	limma_logFC_with_stable_jitter_seed42
HALLMARK_ANGIOGENESIS	GSE51472_hallmark_50pool	GSE51472	hallmark_50pool	36	36	1.22575597282373	0.206106870229008	0.298769771528998	0.298769771528998	SPP1,STC1,OLR1,LUM,PF4,NRP1,JAG2,PRG2,PTK2,COL5A2,ITGAV,CXCL6,PGLYRP1	13	limma_logFC_with_stable_jitter_seed42
HALLMARK_APICAL_JUNCTION	GSE51472_hallmark_50pool	GSE51472	hallmark_50pool	200	197	1.1979236240869	0.105960264900662	0.182690111897694	0.182690111897694	MMP9,CD86,PTPRC,VWF,VCAM1,SKAP2,FYB1,RAC2,TNFRSF11B,MAPK13,CD209,SYK,ACTG2,ADAMTS5,NFASC,ACTC1,TGFBI,THY1,NEXN,MYL9,CNN2,RHOF,MPZL2,PFN1,CLDN5,CLDN14,SIRPA,ADAM9,DMP1,KRT31,ITGB1,CLDN7,VASP,NF2,PCDH1	35	limma_logFC_with_stable_jitter_seed42
HALLMARK_APICAL_SURFACE	GSE51472_hallmark_50pool	GSE51472	hallmark_50pool	44	44	1.07630900973654	0.35045871559633	0.46112988894254	0.46112988894254	PLAUR,CRYBG1,IL2RB,IL2RG,THY1,LYN,CD160	7	limma_logFC_with_stable_jitter_seed42
HALLMARK_APOPTOSIS	GSE51472_hallmark_50pool	GSE51472	hallmark_50pool	161	161	1.54361502165643	0.0021928960914644	0.00730965363821467	0.00730965363821467	CD69,HMOX1,CD2,IL18,ATF3,KRT18,PRF1,CD38,BID,CASP1,IL6,GNA15,HGF,GPX1,ISG20,TNFSF10,LUM,GADD45A,CD14,NEDD9,IFNGR1,TOP2A,IL1B,LGALS3,BIRC3,CASP3,BCL10,SLC20A1,FASLG,CASP4,TIMP2,CYLD,BMF,GADD45B,PPT1,DIABLO,CDKN1A,TNFRSF12A,PLCB2,ETF1,RARA,FAS,PSEN2	43	limma_logFC_with_stable_jitter_seed42
HALLMARK_BILE_ACID_METABOLISM	GSE51472_hallmark_50pool	GSE51472	hallmark_50pool	112	111	-1.02028980823471	0.403263403263403	0.504079254079254	0.504079254079254	ABCA8,RBP1,ABCA9,AR,NR3C2,BCAR3,EFHC1,EPHX2,ABCA3,RXRG,RETSAT,CAT,PFKM,ALDH1A1,ABCA5,OPTN,IDI1,NUDT12,ABCA6,DHCR24,ABCA2,PEX1,APOA1,ABCD3,FADS1,LONP2,PEX6	27	limma_logFC_with_stable_jitter_seed42
HALLMARK_CHOLESTEROL_HOMEOSTASIS	GSE51472_hallmark_50pool	GSE51472	hallmark_50pool	74	72	1.17453519039982	0.201818181818182	0.298769771528998	0.298769771528998	ATF3,PLAUR,CXCL16,FABP5,ALCAM,GPX8,NFIL3,ETHE1,LGALS3,ERRFI1,STARD4,TP53INP1,PLSCR1,LGMN,ATF5,TNFRSF12A,CPEB2,GUSB	18	limma_logFC_with_stable_jitter_seed42
HALLMARK_COAGULATION	GSE51472_hallmark_50pool	GSE51472	hallmark_50pool	138	138	1.63876608617897	0.0018361721968445	0.00655775784587321	0.00655775784587321	MMP1,MMP9,SERPINA1,APOC1,VWF,MMP7,PLEK,THBS1,FN1,OLR1,PLAU,DPP4,F3,PRSS23,C1QA,CTSH,A2M,CTSB,MMP11,ITGB3,SERPINE1,PF4,CTSK,DUSP6,F8,C2,HTRA1,LGMN,DUSP14,MMP10,MMP8,ADAM9,APOC2,CSRP1,ARF4	35	limma_logFC_with_stable_jitter_seed42
HALLMARK_COMPLEMENT	GSE51472_hallmark_50pool	GSE51472	hallmark_50pool	200	198	2.48314017151428	9.14856615302881e-16	1.1435707691286e-14	1.1435707691286e-14	MMP12,MMP13,GZMB,GZMA,SERPINA1,CR1,GZMK,PLA2G7,APOC1,RASGRP1,KYNU,LCP2,CCL5,PIK3CG,FCER1G,S100A9,CTSS,DOCK10,LCK,CTSC,PLEK,FCN1,CD36,PLAUR,FN1,OLR1,CXCL1,DPP4,S100A12,F3,CASP1,IL6,C1QC,C1QA,CTSH,LIPA,ITGAM,GMFB,CTSB,ME1,LYN,PIK3R5,SPOCK2,APOBEC3G,FDX1,GCA,SERPINE1,GRB2,LTF,CR2,PSMB9,USP15,CTSD,WAS,KCNIP2,LGALS3,GNB4,CASP3,SH2B3,DUSP6,LAP3,CPM,CASP5,CASP4,ATOX1,TIMP2,PFN1,PLSCR1,MSRB1,F8,C2,RHOG,LGMN	73	limma_logFC_with_stable_jitter_seed42
HALLMARK_DNA_REPAIR	GSE51472_hallmark_50pool	GSE51472	hallmark_50pool	150	148	1.18998045517635	0.134715025906736	0.224525043177893	0.224525043177893	HCLS1,NME1,HPRT1,RNMT,PNP,ZWINT,RBX1,POLE4,TAF13,MPC2,POLR1D,RPA3,GTF2B,PCNA,POLR2K,RALA,SUPT4H1,GTF2A2,MRPL40,ADA,NCBP2,POLR1H,SNAPC5,RRM2B,SEC61A1,POLB,POLD4,TARBP2,SRSF6,RAD51,GMPR2,STX3,GUK1,POLR2H,POLR2G,ARL6IP1	36	limma_logFC_with_stable_jitter_seed42
HALLMARK_E2F_TARGETS	GSE51472_hallmark_50pool	GSE51472	hallmark_50pool	200	198	1.34580556189011	0.0371444023071955	0.0807487006678163	0.0807487006678163	CKS2,RRM2,CDK1,RAD51AP1,HMMR,CDKN2A,DCK,CDKN3,NME1,DLGAP5,LMNB1,HMGA1,MTHFD2,JPT1,TOP2A,PTTG1,TFRC,GINS1,POLE4,CENPM,E2F8,MELK,CCNB2,BIRC5,SNRPB,PRDX4,RPA3,ING3,PCNA,EZH2,LBR,AURKA,TACC3,DIAPH3,H2AZ1,BUB1B,DCTPP1,NAA38,RAN,MKI67,ESPL1,RNASEH2A,MAD2L1,CDKN1A	44	limma_logFC_with_stable_jitter_seed42
HALLMARK_EPITHELIAL_MESENCHYMAL_TRANSITION	GSE51472_hallmark_50pool	GSE51472	hallmark_50pool	200	200	1.95652762607388	2.90583468869126e-07	1.81614668043204e-06	1.81614668043204e-06	SPP1,MMP1,COL11A1,CXCL8,GREM1,SDC1,IGFBP2,VCAM1,TNFRSF11B,MFAP5,LRRC15,THBS1,PLAUR,CTHRC1,SCG2,FN1,CXCL1,ADAM12,CADM1,CAPG,IL6,CXCL12,TGFBI,TNC,THY1,LUM,GADD45A,SGCD,AREG,FAP,IGFBP3,CALD1,ITGB3,OXTR,SERPINE1,MYL9,TGM2,MYLK,NNMT,ANPEP,ACTA2,COL4A1,TAGLN,INHBA,THBS2,IL15,TPM2,PLOD2,SPOCK1,MATN3,LOXL2,PFN2,TPM1,HTRA1,GPX7,PTX3,GLIPR1,WNT5A,COL4A2,GADD45B,PRSS2,ITGB1,TNFRSF12A,ECM2,CCN1,TPM4,FZD8,FAS	68	limma_logFC_with_stable_jitter_seed42
HALLMARK_ESTROGEN_RESPONSE_EARLY	GSE51472_hallmark_50pool	GSE51472	hallmark_50pool	200	198	-1.35490893862218	0.0222390501994831	0.0529501195225787	0.0529501195225787	TUBB2B,MAPT,THSD4,SEMA3B,ABLIM1,MPPED2,PODXL,SYBU,AR,GFRA1,SLC22A5,KLK10,CYP26B1,TPBG,ABCA3,LRIG1,SYNGR1,TPD52L1,MED13L,KLF4,CLIC3,SVIL,AFF1,PDLIM3,AMFR,FOXC1,GAB2,PGR,SLC26A2,CCN5,HES1,CHPT1,AQP3,DLC1,MAST4,TIAM1,B4GALT1,FARP1,ADCY9,TSKU,RHOBTB3,HSPB8,REEP1,DHCR7,PTGES,CELSR2,SLC16A1,NCOR2,HR,DEPTOR,AKAP1,GREB1,RAB17,FDFT1,OLFML3,KAZN,MINDY1,FASN,FKBP5,OLFM1	60	limma_logFC_with_stable_jitter_seed42
HALLMARK_ESTROGEN_RESPONSE_LATE	GSE51472_hallmark_50pool	GSE51472	hallmark_50pool	200	198	-1.22774930012154	0.0712530712530713	0.127237627237627	0.127237627237627	MAPT,PRLR,PRKAR2B,FGFR3,SEMA3B,ALDH3A2,SLC22A5,KLK10,CYP26B1,LSR,CACNA2D2,GPER1,SORD,CD9,TPBG,EMP2,SCUBE2,ACOX2,ABCA3,TPD52L1,KLF4,MEST,CLIC3,ST6GALNAC2,AFF1,PERP,TFPI2,PDLIM3,AMFR,FOXC1,PGR,SLC26A2,CCN5,PLXNB1,DLG5,CHPT1,METTL3,CKB,TRIM29,TIAM1,UNC13B,FARP1,HSPB8,DHCR7,PTGES,CAV1,CELSR2,CXCL14,SLC16A1,ATP2B4,NCOR2,HR,ID2,FDFT1,TST,SLC2A8,HOMER2,FKBP5,OLFM1	59	limma_logFC_with_stable_jitter_seed42
HALLMARK_FATTY_ACID_METABOLISM	GSE51472_hallmark_50pool	GSE51472	hallmark_50pool	158	155	0.996386094881779	0.456706281833616	0.554083353408817	0.554083353408817	TDO2,HPGD,CD36,VNN1,CD1D,OSTC,ME1,ACSL4,IL4I1,MIX23,PTS,MIF,METAP1,GLUL,IDH1,ACOT8,UROS,H2AZ1,ADSL,MDH1,PSME1,CRYZ,SUCLG2,BMPR1B,PDHB	25	limma_logFC_with_stable_jitter_seed42
HALLMARK_G2M_CHECKPOINT	GSE51472_hallmark_50pool	GSE51472	hallmark_50pool	200	199	0.989945382185042	0.465430016863406	0.554083353408817	0.554083353408817	CKS2,CDK1,HMMR,CDKN3,LMNB1,HIF1A,HMGA1,DBF4,NUSAP1,JPT1,CDC7,TOP2A,PTTG1,TTK,CCNB2,BIRC5,EZH2,KIF11,LBR,MARCKS,E2F3,AURKA,NEK2,MT2A,TACC3,SNRPD1,H2AZ1,MKI67,KIF15,ESPL1,MAD2L1,UBE2C,BUB1,ATF5,KNL1,CENPA,RACGAP1	37	limma_logFC_with_stable_jitter_seed42
HALLMARK_GLYCOLYSIS	GSE51472_hallmark_50pool	GSE51472	hallmark_50pool	200	200	1.39899812097463	0.0131126168717493	0.0345068865046033	0.0345068865046033	SLC16A3,SDC1,STC1,CXCR4,SPAG4,CHST1,TGFA,CDK1,PGK1,DSC2,HMMR,TGFBI,ISG20,ME1,GLRX,IL13RA1,ME2,IGFBP3,KDELR3,SRD5A3,MIF,ADORA2B,PLOD2,PYGL,GNPDA1,P4HA1,KIF20A,IDH1,DDIT4,ERO1A,AURKA,AKR1A1,PPIA,CYB5A,ARTN,RBCK1,ABCB6,MDH1,GALE,PGAM2,GPC4,SDC2,TPI1,CACNA1H,HOMER1,CLDN3,CITED2,CENPA,PMM2,LDHC,GUSB,PGM2,POLR3K,CLN6	54	limma_logFC_with_stable_jitter_seed42
HALLMARK_HEDGEHOG_SIGNALING	GSE51472_hallmark_50pool	GSE51472	hallmark_50pool	36	36	-1.16120526348187	0.248953974895398	0.336424290399186	0.336424290399186	L1CAM,VLDLR,UNC5C,HEY2,NRCAM,PTCH1,DPYSL2	7	limma_logFC_with_stable_jitter_seed42
HALLMARK_HEME_METABOLISM	GSE51472_hallmark_50pool	GSE51472	hallmark_50pool	200	199	-1.02136850360681	0.381418092909535	0.488997555012225	0.488997555012225	TFDP2,IGSF3,DAAM1,CTSE,TAL1,SELENBP1,ARHGEF12,TNRC6B,GMPS,RBM5,C3,FBXO34,MARK3,FOXO3,CLCN3,SIDT2,EIF2AK1,ALAD,CAT,KLF3,ALDH6A1,MXI1,MBOAT2,AQP3,OPTN,PPOX,EZH1,CAST,ALDH1L1,PPP2R5B,LAMP2,PRDX2,BTRC,P4HA2	34	limma_logFC_with_stable_jitter_seed42
HALLMARK_HYPOXIA	GSE51472_hallmark_50pool	GSE51472	hallmark_50pool	200	199	1.63334981764882	0.000858059074380527	0.00330022720915587	0.00330022720915587	SLC2A5,HMOX1,PLAC8,PDK1,STC1,AMPD3,ATF3,FBP1,CXCR4,CA12,PLAUR,F3,SLC2A3,PGK1,IL6,TPD52,PGF,TGFBI,ISG20,GCNT2,GLRX,IGFBP3,IGFBP1,KDELR3,SERPINE1,TGM2,SLC2A1,NFIL3,MT1E,BTG1,MIF,ADORA2B,ERRFI1,ADM,P4HA1,DDIT4,ERO1A,ETS1,MT2A,NDST2,EFNA1,CSRP2,PLIN2,HEXA,PGAM2,GPC4,CDKN1A,SDC2,TPI1,CP,HOXB9,TMEM45A,CITED2,CCN1	54	limma_logFC_with_stable_jitter_seed42
HALLMARK_IL2_STAT5_SIGNALING	GSE51472_hallmark_50pool	GSE51472	hallmark_50pool	199	198	1.9208129768988	1.82814375206647e-06	1.01563541781471e-05	1.01563541781471e-05	SPP1,CD86,CD48,GPR65,HOPX,EOMES,CXCL10,TNFSF11,SLC39A8,RHOH,IRF8,IL1R2,CST7,IL2RB,IL10RA,CAPG,SLC2A3,ALCAM,IL2RA,LTB,TLR7,MAP3K8,TNFRSF4,GUCY1B1,PHTF2,ENPP1,TNFSF10,XBP1,CTSZ,ABCB1,CDC42SE2,CTLA4,GSTO1,RGS16,IFNGR1,TGM2,NFIL3,PNP,PTGER2,MXD1,CDCP1,SYNGR2,IRF4,CISH,TNFRSF1B,ITGAE,NRP1,SERPINB6,P4HA1,CASP3,MYO1E,ICOS,BATF3,PLSCR1,IL3RA,TNFRSF18,BATF,GADD45B,PTRH2,CD79B,AHCY,PLIN2,CD83,AMACR,PHLDA1,SLC29A2,TNFRSF9,IL10	68	limma_logFC_with_stable_jitter_seed42
HALLMARK_IL6_JAK_STAT3_SIGNALING	GSE51472_hallmark_50pool	GSE51472	hallmark_50pool	87	87	2.34547379984707	1.24155500146564e-09	1.24155500146564e-08	1.24155500146564e-08	CXCL13,HMOX1,ITGA4,CCR1,CXCL10,CXCL9,CD36,TLR2,CXCL1,IL1R2,IL7,CXCL3,CD38,CCL7,IL2RA,CSF2RA,IL2RG,LTB,CXCL11,IL6,A2M,MAP3K8,IL13RA1,PIK3R5,CD14,IL12RB1,ITGB3,GRB2,IFNGR1,PF4,PTPN2,IL1B,CSF2RB,TNFRSF1B,CSF3R	35	limma_logFC_with_stable_jitter_seed42
HALLMARK_INFLAMMATORY_RESPONSE	GSE51472_hallmark_50pool	GSE51472	hallmark_50pool	200	200	2.57758107341247	8.4479225134183e-19	2.11198062835458e-17	2.11198062835458e-17	CD69,CLEC5A,CXCL8,RGS1,AQP9,GPR183,LAMP3,IL7R,CD48,RASGRP1,LCP2,CCL5,MSR1,CCR7,LCK,FPR1,C5AR1,CXCL10,IL18,CXCL9,TLR2,PLAUR,OLR1,TNFSF15,C3AR1,RNF144B,IL18RAP,PDPN,IL2RB,IL10RA,F3,CCL7,PTPRE,SLAMF1,CYBB,CXCL11,IL6,SLC7A2,PTGER4,GNA15,SLC31A2,TLR1,SEMA4D,PTAFR,NOD2,TNFSF10,LYN,PIK3R5,CXCR6,CD14,CCRL2,SLC31A1,HIF1A,ITGB3,TNFAIP6,NLRP3,SERPINE1,CCL20,RGS16,IL1B,PTGER2,ATP2B1,ADGRE1,MXD1,INHBA,IL15,ADORA2B,STAB1,TNFRSF1B,CSF3R,ADM	71	limma_logFC_with_stable_jitter_seed42
HALLMARK_INTERFERON_ALPHA_RESPONSE	GSE51472_hallmark_50pool	GSE51472	hallmark_50pool	97	97	1.84250777263697	0.000141400000460556	0.000642727274820707	0.000642727274820707	LAMP3,IFI30,CXCL10,IL7,CD74,CASP1,CXCL11,LPAR6,ISG20,EPSTI1,OASL,CCRL2,PROCR,PSMB9,IL15,NUB1,ISG15,LAP3,PSMA3,PSME2,PLSCR1,TRIM14,PSMB8,NMI,PSME1,SAMD9	26	limma_logFC_with_stable_jitter_seed42
HALLMARK_INTERFERON_GAMMA_RESPONSE	GSE51472_hallmark_50pool	GSE51472	hallmark_50pool	200	196	2.54906119534605	2.37154022485993e-17	3.95256704143322e-16	3.95256704143322e-16	SLAMF7,CD69,GZMA,CD86,LCP2,IFI30,CCL5,MARCHF1,ST8SIA4,VCAM1,FPR1,CXCL10,CXCL9,BANK1,IRF8,VAMP8,HLA-DMA,STAT4,IL2RB,XCL1,IL7,IL10RA,GPR18,CD38,CD74,IRF5,CCL7,CASP1,CXCL11,IL6,ISG20,PTPN6,EPSTI1,TNFSF10,OASL,CIITA,HIF1A,TNFAIP6,MTHFD2,PTPN2,SECTM1,ITGB7,IDO1,ZBP1,PNP,CSF2RB,PSMB9,BTG1,UPP1,IL15,IRF4,CASP3,ISG15,HLA-DQA1,LAP3,PSMA3,CASP4,PSME2,PSMA2,PLSCR1,SOCS3,MT2A,PSMB10,CMKLR1,RBCK1,TRIM14,PSMB8,MYD88,NMI,PSME1,CDKN1A,LYSMD2,JAK2,IL18BP,OAS2,FAS	76	limma_logFC_with_stable_jitter_seed42
HALLMARK_KRAS_SIGNALING_DN	GSE51472_hallmark_50pool	GSE51472	hallmark_50pool	200	196	0.793661497151626	0.943615257048093	0.943615257048093	0.943615257048093	IGFBP2,ITIH3,ACTC1,EFHD1,SIDT1,CD80,KCNMB1,COL2A1,ITGB1BP2,TENT5C,TCL1A,NTF3,SHOX2,DCC,SGK1,NRIP2,GDNF,PLAG1,SELENOP,SNN,CHRNG,BMPR1B,SLC29A3,CLDN16,ENTPD7,ADRA2C,FGF22,STAG3,KRT1,COPZ2,LYPD3,DTNB,CD40LG,LFNG,PTPRJ,GPRC5C,KCNQ2,KRT5,GP1BA,CKM,CACNA1F,GP2,KRT4,PCDHB1,GAMT,TFAP2B,TFF2,ATP6V1B1,CPB1,PDCD1,ABCG4,CALCB,SERPINA10,TAS2R4,SMPX,HNF1A,VPREB1,PROP1,NPHS1,GRID2,IL5,EDAR,TNNI3,IFNG,SLC30A3,ATP4A,BARD1,NOS1	68	limma_logFC_with_stable_jitter_seed42
HALLMARK_KRAS_SIGNALING_UP	GSE51472_hallmark_50pool	GSE51472	hallmark_50pool	200	199	2.06094938132449	3.92196527188056e-08	2.80140376562897e-07	2.80140376562897e-07	SPP1,MMP9,PPBP,ADAMDEC1,GALNT3,PRDM1,IL7R,TLR8,FCER1G,CTSS,ITGB2,CXCL10,SLPI,IKZF1,LAPTM5,LCP1,TSPAN13,CXCR4,LAT2,LY96,CLEC4A,IRF8,PLAUR,C3AR1,CD37,ADGRL4,PLAU,PLVAP,DOCK2,IL10RA,F13A1,HDAC9,ADAM8,CSF2RA,MMD,IL2RG,GLRX,MAFB,IGFBP3,ABCB1,TRIB1,HSD11B1,MMP11,MAP4K1,CCL20,RGS16,TMEM158,KCNN4,IL1B,INHBA,CPE,ITGBL1,ACE,BIRC3,PLEK2,TNFRSF1B,NRP1,DUSP6,MPZL2,EPB41L3,ERO1A,ETS1,FBXO4,NR1H4,CMKLR1,MMP10,ADAM17	67	limma_logFC_with_stable_jitter_seed42
HALLMARK_MITOTIC_SPINDLE	GSE51472_hallmark_50pool	GSE51472	hallmark_50pool	199	197	-1.24172345280481	0.0653266331658292	0.120975246603387	0.120975246603387	CDC42EP4,MID1,MYH10,SPTAN1,CDK5RAP2,ARHGEF12,GSN,SPTBN1,EZR,CLIP2,SHROOM2,DLG1,EPB41L2,DYNC1H1,ABL1,PKD2,ALMS1,SYNPO,DYNLL2,NUMA1,FGD6,AKAP13,ITSN1,PCM1,TUBGCP5,ATG4B,ARHGAP5,NF1,KLC1,TIAM1,FARP1,CLASP1,NOTCH2,DST,TAOK2,CDC42BPA,BCR,RFC1,TUBGCP6,CSNK1D,TUBGCP3,WASL,PAFAH1B1,RALBP1,CDC42EP2,SMC4,SASS6,KIF3C,HDAC6,MID1IP1,GEMIN4,TSC1,APC,KATNA1,ARAP3,CKAP5,WASF2,KIF3B,STAU1,SMC3,HOOK3,LRPPRC,SUN2,CDC42EP1	64	limma_logFC_with_stable_jitter_seed42
HALLMARK_MTORC1_SIGNALING	GSE51472_hallmark_50pool	GSE51472	hallmark_50pool	200	198	1.81442691022432	2.46646694633165e-05	0.000123323347316582	0.000123323347316582	IFI30,ITGB2,PDK1,SKAP2,CTSC,STC1,SLA,CXCR4,CORO1A,RRM2,SLC2A3,DAPP1,PGK1,BCAT1,ME1,GLRX,XBP1,SYTL2,HPRT1,MTHFD2,SLC2A1,NFIL3,PNP,TFRC,ACTR3,PLOD2,PSMG1,P4HA1,PSMD14,M6PR,HSPE1,IDH1,PSMA3,DDIT4,STARD4,ERO1A,SERP1,AURKA,LGMN,PPIA,SEC11A,PSMD13,YKT6,ACTR2,PSMA4,EDEM1,UBE2D3,SDF2L1,ARPC5L,PNO1,PSMC2,CDKN1A,TPI1,BUB1,ETF1,ATP2A2	56	limma_logFC_with_stable_jitter_seed42
HALLMARK_MYC_TARGETS_V1	GSE51472_hallmark_50pool	GSE51472	hallmark_50pool	200	196	1.14008309634836	0.18407960199005	0.287624378109453	0.287624378109453	PGK1,NME1,HPRT1,EIF1AX,COX5A,NPM1,RPS6,PSMD14,EEF1B2,SNRPG,PRDX4,HSPE1,EIF4E,PCNA,SSBP1,PSMA2,C1QBP,PPIA,SNRPD2,SNRPD1,H2AZ1,RPS5,PSMA4,NCBP2,RAN,POLE3,PSMB3,MAD2L1,NDUFAB1,PHB2,ETF1,RPS10,HNRNPC,LSM7,PSMA1,ACP1,VDAC3,VBP1,RPS3,PSMA7,APEX1,UBE2E1,ERH,UBA2,SNRPB2,COPS5,LDHA,CCT4,UBE2L3,CYC1,ILF2,RPS2,EIF2S2,TOMM70,NHP2,PSMC6,PSMD8,CCNA2,CCT3,RPL14,HSPD1,TCP1,RFC4,AP3S1	64	limma_logFC_with_stable_jitter_seed42
HALLMARK_MYC_TARGETS_V2	GSE51472_hallmark_50pool	GSE51472	hallmark_50pool	58	57	0.809867849541563	0.786516853932584	0.83672005737509	0.83672005737509	NPM1,HSPE1,DUSP2,DCTPP1,SLC29A2,TFB2M,MRTO4,PES1,IMP4,PRMT3,WDR74,NIP7,TCOF1,HSPD1,HK2,PLK1	16	limma_logFC_with_stable_jitter_seed42
HALLMARK_MYOGENESIS	GSE51472_hallmark_50pool	GSE51472	hallmark_50pool	200	197	-0.938659094664472	0.628140703517588	0.697934115019542	0.697934115019542	ERBB3,ABLIM1,NCAM1,FGF2,SPTAN1,VIPR1,PKIA,GSN,FXYD1,LAMA2,ITGB4,CLU,EFS,CFD,TPD52L1,APOD,SVIL,FHL1,SIRT2,PFKM,PPP1R3C,CKB,HBEGF,ADCY9,COL3A1,IGF1,HSPB8,REEP1,MYO1C,CRYAB,TSC2,PTGIS,KLF5,HDAC5,COL6A2,GPX3,CRAT,NQO1,SCD,AK1,AKT2,NOTCH1,TNNC2,SORBS1,WWTR1,CDH13,BHLHE40,EPHB3,RIT1,SSPN,MRAS,SMTN,FLII,RYR1,MAPRE3	55	limma_logFC_with_stable_jitter_seed42
HALLMARK_NOTCH_SIGNALING	GSE51472_hallmark_50pool	GSE51472	hallmark_50pool	32	32	-1.15273112604339	0.24364406779661	0.336424290399186	0.336424290399186	WNT2,ST3GAL6,HES1,HEYL,DLL1,NOTCH2,FZD1,TCF7L2,NOTCH1,FBXW11,DTX4	11	limma_logFC_with_stable_jitter_seed42
HALLMARK_OXIDATIVE_PHOSPHORYLATION	GSE51472_hallmark_50pool	GSE51472	hallmark_50pool	200	198	1.63319597107605	0.000701471431846205	0.00292279763269252	0.00292279763269252	ATP6V0B,ATP6V1G1,COX7B,FDX1,NDUFB5,NDUFA2,MRPL15,UQCRQ,IDH2,NDUFB2,SLC25A5,MRPL35,ATP5MF,MRPS15,UQCR11,TIMM8B,COX5A,NDUFA3,TCIRG1,COX7A2,ATP5PB,ATP5MG,ATP6V1C1,IDH1,ATP6V1F,COX11,COX7A2L,ATP5MC3,NDUFB3,UQCR10,NDUFA9,ATP5PD,CYB5A,UQCRH,NDUFB6,ETFA,NDUFS3,MDH1,NDUFV2,ATP5ME,ATP5F1C,ATP5PF,NDUFA1,ATP5MC2,NDUFA7,COX4I1,COX8A,NDUFAB1,MRPL11,NDUFB1,PHB2,TOMM22,NDUFA6,PDHB,COX6A1,ATP5F1E,ATP6V1D,COX7C,ATP5PO,NDUFS4,VDAC3,TIMM10,NDUFA8,TIMM17A,NDUFB7,MRPS12,HCCS,TIMM9,LDHA,SUCLG1,IDH3A,COX6C,CYC1,UQCRFS1,MTRF1,TOMM70,MTX2,ATP5F1A,SDHB,SURF1	80	limma_logFC_with_stable_jitter_seed42
HALLMARK_P53_PATHWAY	GSE51472_hallmark_50pool	GSE51472	hallmark_50pool	200	199	1.52282245042742	0.00477772896452226	0.0149304030141321	0.0149304030141321	HMOX1,IFI30,SDC1,ATF3,VAMP8,IRAG2,TGFA,PTPRE,CYFIP2,ST14,CASP1,RPS27L,DEF6,KRT17,VDR,CDKN2A,GADD45A,RGS16,PROCR,GM2A,MXD1,BTG1,FGF13,CTSD,UPP1,RPL36,MAPKAPK3,RB1,RRAD,HINT1,RAP2B,TCHH,DDIT4,FBXW7,PCNA,DRAM1,H1-2,ADA,JAG2,PVT1,PITPNC1,RHBDF2,INHBB,ACVR1B,CDKN1A,SEC61A1,STOM,CDKN2B,FAS,SESN1,TAX1BP3,TRIAP1,CDKN2AIP	53	limma_logFC_with_stable_jitter_seed42
HALLMARK_PANCREAS_BETA_CELLS	GSE51472_hallmark_50pool	GSE51472	hallmark_50pool	40	40	1.45102528488298	0.0520446096654275	0.10008578781813	0.10008578781813	DPP4,PCSK1,VDR,MAFB,SRPRB,SEC11A,SYT13,NKX6-1,PKLR,INSM1,PDX1,ABCC8,SPCS1,SRP9	14	limma_logFC_with_stable_jitter_seed42
HALLMARK_PEROXISOME	GSE51472_hallmark_50pool	GSE51472	hallmark_50pool	104	103	0.828236531605977	0.833628318584071	0.868362831858407	0.868362831858407	CADM1,PEX2,ATXN1,ACSL4,ABCB1,TOP2A,IDH2,SLC25A19,BCL10,IDH1,ACOT8,CRABP2,CLN6,ESR2,ABCC8,ACSL1,ALDH9A1,VPS4B,ABCB4,ACSL5,ALB,FABP6,SCP2	23	limma_logFC_with_stable_jitter_seed42
HALLMARK_PI3K_AKT_MTOR_SIGNALING	GSE51472_hallmark_50pool	GSE51472	hallmark_50pool	105	105	1.42611170930266	0.0416302660030402	0.086729720839667	0.086729720839667	PDK1,LCK,SLA,RPS6KA1,CXCR4,CDK1,IL2RG,DAPP1,ARPC3,GRB2,SLC2A1,ACTR3,IRAK4,EIF4E,DUSP3,FASLG,PPP1CA,PFN1,UBE2N,ACTR2,UBE2D3,MYD88,CDKN1A,PRKAG1	24	limma_logFC_with_stable_jitter_seed42
HALLMARK_PROTEIN_SECRETION	GSE51472_hallmark_50pool	GSE51472	hallmark_50pool	96	96	0.773376852891549	0.904085257548846	0.922535977090659	0.922535977090659	CTSC,KRT18,TPD52,BET1,GALC,M6PR,SNX2,STX7,AP2S1,YKT6,RER1,PPT1,STX12,NAPG,CLN5,TMX1,ICA1,ARFGAP3,GLA,DNM1L,VPS4B,RAB22A,VAMP7,VAMP4,ABCA1,TMED2,ADAM10,BNIP3	28	limma_logFC_with_stable_jitter_seed42
HALLMARK_REACTIVE_OXYGEN_SPECIES_PATHWAY	GSE51472_hallmark_50pool	GSE51472	hallmark_50pool	49	49	0.933312886994961	0.552044609665427	0.636686009026435	0.636686009026435	GLRX,MBP,IPCEF1,PRDX4,ATOX1,LSP1,LAMTOR5,SBNO2,MSRA,NDUFA6,GCLM,EGLN2,GLRX2	13	limma_logFC_with_stable_jitter_seed42
HALLMARK_SPERMATOGENESIS	GSE51472_hallmark_50pool	GSE51472	hallmark_50pool	135	133	1.15192799525534	0.209138840070299	0.298769771528998	0.298769771528998	SLC2A5,ADCYAP1,CDK1,CDKN3,IL12RB2,DBF4,ACE,TTK,PSMG1,IL13RA2,DCC,CCNB2,GFI1,EZH2,AURKA,NEK2,PDHA2,BUB1,NF2,TUBA3C,LDHC,DPEP3,VDAC3,ACRBP,TEKT2,PGK2,ACTL7B,CCT6B,STRBP,DMRT1,HTR5A,CLPB	32	limma_logFC_with_stable_jitter_seed42
HALLMARK_TGF_BETA_SIGNALING	GSE51472_hallmark_50pool	GSE51472	hallmark_50pool	54	54	-1.58879834451487	0.0151017652208157	0.0377544130520392	0.0377544130520392	NOG,ID1,LEFTY2,SPTBN1,BCAR3,SMAD6,SKI,TJP1,SMURF2,SMAD3,CDKN1C,PMEPA1,CTNNB1,BMPR2,BMP2,ACVR1,PPM1A,NCOR2,TRIM33,SMAD7,ID2,BMPR1A,SKIL,XIAP,APC,WWTR1,KLF10,SMURF1	28	limma_logFC_with_stable_jitter_seed42
HALLMARK_TNFA_SIGNALING_VIA_NFKB	GSE51472_hallmark_50pool	GSE51472	hallmark_50pool	200	198	2.1527883230551	3.14680154126962e-09	2.62233461772468e-08	2.62233461772468e-08	CD69,BCL2A1,GPR183,IL7R,SLC16A6,KYNU,CCL5,CCL4,CXCL10,IL18,ATF3,PLEK,TLR2,PLAUR,OLR1,CXCL1,PLAU,TNFAIP8,F3,CXCL3,SLC2A3,PTPRE,CXCL11,IL6,PTGER4,MAP3K8,TNC,GADD45A,AREG,CCRL2,NFKBIE,TRIB1,CD80,TNFAIP6,SERPINE1,CCL20,NFIL3,IL1B,ATP2B1,MXD1,INHBA,BTG1,REL,BIRC3,DUSP4,SGK1,MARCKS,DRAM1,SOCS3,SERPINB8,DUSP2,PTX3,EFNA1,EIF1,GADD45B,IL23A,CD83,PHLDA1,SNN,CDKN1A,TNFRSF9,CCN1,SPSB1	63	limma_logFC_with_stable_jitter_seed42
HALLMARK_UNFOLDED_PROTEIN_RESPONSE	GSE51472_hallmark_50pool	GSE51472	hallmark_50pool	113	112	1.32477053329776	0.0513274336283186	0.10008578781813	0.10008578781813	ATF3,SPCS3,NABP1,DNAJB9,XBP1,IGFBP1,KDELR3,MTHFD2,LSM1,SRPRB,NPM1,EIF4E,DDIT4,EIF4EBP1,DCP2,ERO1A,SERP1,SEC11A,LSM4,PDIA5,EDEM1,POP4,PDIA6	23	limma_logFC_with_stable_jitter_seed42
HALLMARK_UV_RESPONSE_DN	GSE51472_hallmark_50pool	GSE51472	hallmark_50pool	144	141	-1.46118207218942	0.00625767648638318	0.0176301339770207	0.0176301339770207	PRKAR2B,MET,PLPP3,VLDLR,CDON,PTGFR,ID1,PLCB4,DBP,IGFBP5,IRS1,SYNE1,LPAR1,FBLN5,HAS2,AKT3,ERBB2,FYN,AMPH,DLG1,PTPN21,APBB2,TJP1,CACNA1A,NFIB,SMAD3,FZD2,ZMIZ1,PMP22,DLC1,PRDM2,COL3A1,NOTCH2,MTA1,ABCC1,YTHDC1,CAV1,ATP2B4,CDC42BPA,SMAD7,PTPRM,TGFBR3,COL1A2,VAV2,LTBP1,NR1D2,BMPR1A	47	limma_logFC_with_stable_jitter_seed42
HALLMARK_UV_RESPONSE_UP	GSE51472_hallmark_50pool	GSE51472	hallmark_50pool	158	158	1.37008672270053	0.0266663646235872	0.0606053741445165	0.0606053741445165	HMOX1,RASGRP1,IGFBP2,ATF3,BID,IL6,LYN,ABCB1,COL2A1,HSPA13,ARRB2,TFRC,PPIF,BTG1,RRAD,SHOX2,CASP3,TCHH,EPCAM,TMBIM6,ATP6V1C1,NAT1,RAB27A,ATP6V1F,PPP1R2,AP2S1,YKT6,HTR7,PPT1,POLE3,C4BPB,CDKN2B,CTSV,PPAT,GAL,GCH1,TUBA4A,MMP14,CREG1,NUP58,SELENOW,GGH	42	limma_logFC_with_stable_jitter_seed42
HALLMARK_WNT_BETA_CATENIN_SIGNALING	GSE51472_hallmark_50pool	GSE51472	hallmark_50pool	42	41	-1.25865178215038	0.155507559395248	0.250818644185884	0.250818644185884	AXIN2,HEY2,CCND2,HDAC11,PTCH1,CTNNB1,DLL1,FZD1,NCOR2,HDAC5,NUMB,NOTCH1,GNAI1,MAML1,AXIN1,KAT2A,DVL2,NKD1	18	limma_logFC_with_stable_jitter_seed42
HALLMARK_XENOBIOTIC_METABOLISM	GSE51472_hallmark_50pool	GSE51472	hallmark_50pool	200	197	1.48338039796698	0.00634684823172744	0.0176301339770207	0.0176301339770207	TDO2,AQP9,HMOX1,KYNU,ENPEP,FBP1,CD36,IRF8,VNN1,FMO3,CYFIP2,BCAT1,SPINT2,GCNT2,SSR3,SAR1B,IGFBP1,HSD11B1,CYP26A1,HPRT1,GSTO1,SERPINE1,PTS,UPP1,NPC1,PGD,ITIH4,TMBIM6,IDH1,APOE,DHRS7,MT2A,ESR1,SERTAD1,PSMB10,PPARD,CYB5A,SLC22A1,AHCY,CROT,CYP2S1,ATP2A2,FAS,ITIH1,TMEM176B,IGFBP4,ACP1,GCH1,PYCR1,ACP2,PAPSS2	51	limma_logFC_with_stable_jitter_seed42
CUSTOM_LEPTIN_MTOR_SIGNALING	INTEGRATED_hypothesis_5pool	INTEGRATED	hypothesis_5pool	22	22	-1.26156225215306	0.175700934579439	0.292834890965732	0.292834890965732	LEPR,IRS1,FOXO1,TSC2,IRS2,DEPTOR,AKT1,AKT2,TSC1,PIK3CA	10	limma_logFC_with_stable_jitter_seed42
CUSTOM_LIPOPHAGY_CORE	INTEGRATED_hypothesis_5pool	INTEGRATED	hypothesis_5pool	22	22	-0.953793629654737	0.510280373831776	0.63785046728972	0.63785046728972	GPAM,CIDEC,LAMP2,PPARA,PLIN4,FITM2,CIDEA,CPT1A,FABP4,GABARAPL1	10	limma_logFC_with_stable_jitter_seed42
CUSTOM_MTOR_AUTOPHAGY_LIPOPHAGY_AXIS	INTEGRATED_hypothesis_5pool	INTEGRATED	hypothesis_5pool	20	20	0.775317787323129	0.779874213836478	0.779874213836478	0.779874213836478	PRKAA1,ATG5,ATG7,RAB7A,ATG12	5	limma_logFC_with_stable_jitter_seed42
CUSTOM_VIC_OSTEOGENIC_DIFFERENTIATION	INTEGRATED_hypothesis_5pool	INTEGRATED	hypothesis_5pool	27	25	1.71698599979818	0.0087618109722622	0.0219045274306555	0.0219045274306555	IBSP,SPP1,RUNX2,ENPP1,COL1A1,DLX5,SLC20A1	7	limma_logFC_with_stable_jitter_seed42
HALLMARK_MTORC1_SIGNALING	INTEGRATED_hypothesis_5pool	INTEGRATED	hypothesis_5pool	200	198	1.89831072491456	5.30060450275009e-07	2.65030225137504e-06	2.65030225137504e-06	IFI30,CTSC,ITGB2,CXCR4,CORO1A,STC1,PDK1,SLA,PGK1,SLC2A3,RRM2,ME1,SKAP2,SYTL2,BCAT1,GLRX,HPRT1,DAPP1,MTHFD2,PSMG1,M6PR,ACTR3,TFRC,SERP1,XBP1,PSMD14,PSMA3,NFIL3,P4HA1,PNP,HSPE1,IDH1,PPIA,ERO1A,PSMC2,PSMA4,LGMN,SDF2L1,ATP2A2,PSMD13,SEC11A,PLOD2,AURKA,ARPC5L,YKT6,EDEM1,CDKN1A,ETF1,SLC2A1,UBE2D3,TUBA4A,ATP6V1D,COPS5,STARD4,PSMC6,ACTR2,GCLC,TPI1,SC5D,BUB1,PNO1,EIF2S2,CACYBP,TES,UCHL5,DDX39A,NUPR1,LDHA,TCEA1,SLC1A5,EEF1E1,GLA	72	limma_logFC_with_stable_jitter_seed42
CUSTOM_S100A9_RAGE_CALCIFICATION	INTEGRATED_supplementary	INTEGRATED	supplementary_solo	17	17	2.24425133526989	1.92374861838386e-07	1.92374861838386e-07	1.92374861838386e-07	MMP9,S100A8,CXCL8,S100A9,IL18,CASP1,IL6,NLRP3,IL1B	9	limma_logFC_with_stable_jitter_seed42
CUSTOM_LEPTIN_MTOR_SIGNALING	GSE83453_hypothesis_5pool	GSE83453	hypothesis_5pool	22	22	-1.40476672811419	0.10062893081761	0.125786163522013	0.125786163522013	IRS2,LEPR,FOXO1,RPS6,IRS1,PIK3CB,RHEB,PTEN	8	limma_logFC_with_stable_jitter_seed42
CUSTOM_LIPOPHAGY_CORE	GSE83453_hypothesis_5pool	GSE83453	hypothesis_5pool	22	22	-1.80266345409629	0.00388232442406703	0.00660176091538821	0.00660176091538821	CIDEC,FABP4,PLIN4,PLIN2,CD36,CIDEA,GPAM,RAB7A,LIPE,GABARAPL1,CPT1A,LAMP2,PNPLA8	13	limma_logFC_with_stable_jitter_seed42
CUSTOM_MTOR_AUTOPHAGY_LIPOPHAGY_AXIS	GSE83453_hypothesis_5pool	GSE83453	hypothesis_5pool	20	20	0.841046519899751	0.687619047619048	0.687619047619048	0.687619047619048	MCOLN1,WIPI2,ATG7,WIPI1,ATG13,ZKSCAN3,PRKAA1,TFEB,ATG5,ATG12,ATG14,ULK1	12	limma_logFC_with_stable_jitter_seed42
CUSTOM_VIC_OSTEOGENIC_DIFFERENTIATION	GSE83453_hypothesis_5pool	GSE83453	hypothesis_5pool	27	25	1.87154463799352	0.00191513745637355	0.00660176091538821	0.00660176091538821	SPP1,COL1A1,COL1A2,IBSP,SLC20A1,DLX5,RUNX2,ALPL,ENPP1	9	limma_logFC_with_stable_jitter_seed42
HALLMARK_MTORC1_SIGNALING	GSE83453_hypothesis_5pool	GSE83453	hypothesis_5pool	200	198	-1.40876127114082	0.00396105654923293	0.00660176091538821	0.00660176091538821	BTG2,DDIT4,NAMPT,VLDLR,TCEA1,TXNRD1,MTHFD2,NFIL3,TM7SF2,ADD3,CACYBP,FGL2,SC5D,PHGDH,ACSL3,IDH1,HK2,PSMC6,PSAT1,PSMC4,SERP1,GBE1,SORD,GOT1,UFM1,PPA1,IFRD1,UBE2D3,DHCR7,CD9,AK4,ACACA,SQSTM1,SCD,ATP2A2,HSPD1,QDPR,IGFBP5,INSIG1,PSMA4,PNO1,PPP1R15A,TMEM97,IDI1,ADIPOR2,PSMD12,DHFR,HSP90B1,ASNS,DHCR24,TFRC,PSMG1,PSMA3,PGK1,CCNG1,MTHFD2L,PGM1	57	limma_logFC_with_stable_jitter_seed42
CUSTOM_S100A9_RAGE_CALCIFICATION	GSE83453_supplementary	GSE83453	supplementary_solo	17	17	1.72902093277947	0.00992001455931214	0.00992001455931214	0.00992001455931214	MMP9,S100A9,S100A8,MYD88,TNF,CXCL8,NLRP3	7	limma_logFC_with_stable_jitter_seed42
