cohort	pool	gene_set	N_input	N_mapped	coverage_decision
GSE51472	hypothesis_5pool	HALLMARK_MTORC1_SIGNALING	200	198	proceed
GSE51472	hypothesis_5pool	CUSTOM_LEPTIN_MTOR_SIGNALING	22	22	proceed
GSE51472	hypothesis_5pool	CUSTOM_MTOR_AUTOPHAGY_LIPOPHAGY_AXIS	20	20	proceed
GSE51472	hypothesis_5pool	CUSTOM_LIPOPHAGY_CORE	22	22	proceed
GSE51472	hypothesis_5pool	CUSTOM_VIC_OSTEOGENIC_DIFFERENTIATION	27	25	proceed
GSE51472	supplementary	CUSTOM_S100A9_RAGE_CALCIFICATION	17	17	proceed
GSE51472	hallmark_50pool	HALLMARK_ADIPOGENESIS	200	198	proceed
GSE51472	hallmark_50pool	HALLMARK_ALLOGRAFT_REJECTION	200	200	proceed
GSE51472	hallmark_50pool	HALLMARK_ANDROGEN_RESPONSE	100	99	proceed
GSE51472	hallmark_50pool	HALLMARK_ANGIOGENESIS	36	36	proceed
GSE51472	hallmark_50pool	HALLMARK_APICAL_JUNCTION	200	197	proceed
GSE51472	hallmark_50pool	HALLMARK_APICAL_SURFACE	44	44	proceed
GSE51472	hallmark_50pool	HALLMARK_APOPTOSIS	161	161	proceed
GSE51472	hallmark_50pool	HALLMARK_BILE_ACID_METABOLISM	112	111	proceed
GSE51472	hallmark_50pool	HALLMARK_CHOLESTEROL_HOMEOSTASIS	74	72	proceed
GSE51472	hallmark_50pool	HALLMARK_COAGULATION	138	138	proceed
GSE51472	hallmark_50pool	HALLMARK_COMPLEMENT	200	198	proceed
GSE51472	hallmark_50pool	HALLMARK_DNA_REPAIR	150	148	proceed
GSE51472	hallmark_50pool	HALLMARK_E2F_TARGETS	200	198	proceed
GSE51472	hallmark_50pool	HALLMARK_EPITHELIAL_MESENCHYMAL_TRANSITION	200	200	proceed
GSE51472	hallmark_50pool	HALLMARK_ESTROGEN_RESPONSE_EARLY	200	198	proceed
GSE51472	hallmark_50pool	HALLMARK_ESTROGEN_RESPONSE_LATE	200	198	proceed
GSE51472	hallmark_50pool	HALLMARK_FATTY_ACID_METABOLISM	158	155	proceed
GSE51472	hallmark_50pool	HALLMARK_G2M_CHECKPOINT	200	199	proceed
GSE51472	hallmark_50pool	HALLMARK_GLYCOLYSIS	200	200	proceed
GSE51472	hallmark_50pool	HALLMARK_HEDGEHOG_SIGNALING	36	36	proceed
GSE51472	hallmark_50pool	HALLMARK_HEME_METABOLISM	200	199	proceed
GSE51472	hallmark_50pool	HALLMARK_HYPOXIA	200	199	proceed
GSE51472	hallmark_50pool	HALLMARK_IL2_STAT5_SIGNALING	199	198	proceed
GSE51472	hallmark_50pool	HALLMARK_IL6_JAK_STAT3_SIGNALING	87	87	proceed
GSE51472	hallmark_50pool	HALLMARK_INFLAMMATORY_RESPONSE	200	200	proceed
GSE51472	hallmark_50pool	HALLMARK_INTERFERON_ALPHA_RESPONSE	97	97	proceed
GSE51472	hallmark_50pool	HALLMARK_INTERFERON_GAMMA_RESPONSE	200	196	proceed
GSE51472	hallmark_50pool	HALLMARK_KRAS_SIGNALING_DN	200	196	proceed
GSE51472	hallmark_50pool	HALLMARK_KRAS_SIGNALING_UP	200	199	proceed
GSE51472	hallmark_50pool	HALLMARK_MITOTIC_SPINDLE	199	197	proceed
GSE51472	hallmark_50pool	HALLMARK_MTORC1_SIGNALING	200	198	proceed
GSE51472	hallmark_50pool	HALLMARK_MYC_TARGETS_V1	200	196	proceed
GSE51472	hallmark_50pool	HALLMARK_MYC_TARGETS_V2	58	57	proceed
GSE51472	hallmark_50pool	HALLMARK_MYOGENESIS	200	197	proceed
GSE51472	hallmark_50pool	HALLMARK_NOTCH_SIGNALING	32	32	proceed
GSE51472	hallmark_50pool	HALLMARK_OXIDATIVE_PHOSPHORYLATION	200	198	proceed
GSE51472	hallmark_50pool	HALLMARK_P53_PATHWAY	200	199	proceed
GSE51472	hallmark_50pool	HALLMARK_PANCREAS_BETA_CELLS	40	40	proceed
GSE51472	hallmark_50pool	HALLMARK_PEROXISOME	104	103	proceed
GSE51472	hallmark_50pool	HALLMARK_PI3K_AKT_MTOR_SIGNALING	105	105	proceed
GSE51472	hallmark_50pool	HALLMARK_PROTEIN_SECRETION	96	96	proceed
GSE51472	hallmark_50pool	HALLMARK_REACTIVE_OXYGEN_SPECIES_PATHWAY	49	49	proceed
GSE51472	hallmark_50pool	HALLMARK_SPERMATOGENESIS	135	133	proceed
GSE51472	hallmark_50pool	HALLMARK_TGF_BETA_SIGNALING	54	54	proceed
GSE51472	hallmark_50pool	HALLMARK_TNFA_SIGNALING_VIA_NFKB	200	198	proceed
GSE51472	hallmark_50pool	HALLMARK_UNFOLDED_PROTEIN_RESPONSE	113	112	proceed
GSE51472	hallmark_50pool	HALLMARK_UV_RESPONSE_DN	144	141	proceed
GSE51472	hallmark_50pool	HALLMARK_UV_RESPONSE_UP	158	158	proceed
GSE51472	hallmark_50pool	HALLMARK_WNT_BETA_CATENIN_SIGNALING	42	41	proceed
GSE51472	hallmark_50pool	HALLMARK_XENOBIOTIC_METABOLISM	200	197	proceed
INTEGRATED	hypothesis_5pool	HALLMARK_MTORC1_SIGNALING	200	198	proceed
INTEGRATED	hypothesis_5pool	CUSTOM_LEPTIN_MTOR_SIGNALING	22	22	proceed
INTEGRATED	hypothesis_5pool	CUSTOM_MTOR_AUTOPHAGY_LIPOPHAGY_AXIS	20	20	proceed
INTEGRATED	hypothesis_5pool	CUSTOM_LIPOPHAGY_CORE	22	22	proceed
INTEGRATED	hypothesis_5pool	CUSTOM_VIC_OSTEOGENIC_DIFFERENTIATION	27	25	proceed
INTEGRATED	supplementary	CUSTOM_S100A9_RAGE_CALCIFICATION	17	17	proceed
INTEGRATED	hallmark_50pool	HALLMARK_ADIPOGENESIS	200	198	proceed
INTEGRATED	hallmark_50pool	HALLMARK_ALLOGRAFT_REJECTION	200	200	proceed
INTEGRATED	hallmark_50pool	HALLMARK_ANDROGEN_RESPONSE	100	99	proceed
INTEGRATED	hallmark_50pool	HALLMARK_ANGIOGENESIS	36	36	proceed
INTEGRATED	hallmark_50pool	HALLMARK_APICAL_JUNCTION	200	197	proceed
INTEGRATED	hallmark_50pool	HALLMARK_APICAL_SURFACE	44	44	proceed
INTEGRATED	hallmark_50pool	HALLMARK_APOPTOSIS	161	161	proceed
INTEGRATED	hallmark_50pool	HALLMARK_BILE_ACID_METABOLISM	112	111	proceed
INTEGRATED	hallmark_50pool	HALLMARK_CHOLESTEROL_HOMEOSTASIS	74	72	proceed
INTEGRATED	hallmark_50pool	HALLMARK_COAGULATION	138	138	proceed
INTEGRATED	hallmark_50pool	HALLMARK_COMPLEMENT	200	198	proceed
INTEGRATED	hallmark_50pool	HALLMARK_DNA_REPAIR	150	148	proceed
INTEGRATED	hallmark_50pool	HALLMARK_E2F_TARGETS	200	198	proceed
INTEGRATED	hallmark_50pool	HALLMARK_EPITHELIAL_MESENCHYMAL_TRANSITION	200	200	proceed
INTEGRATED	hallmark_50pool	HALLMARK_ESTROGEN_RESPONSE_EARLY	200	198	proceed
INTEGRATED	hallmark_50pool	HALLMARK_ESTROGEN_RESPONSE_LATE	200	198	proceed
INTEGRATED	hallmark_50pool	HALLMARK_FATTY_ACID_METABOLISM	158	155	proceed
INTEGRATED	hallmark_50pool	HALLMARK_G2M_CHECKPOINT	200	199	proceed
INTEGRATED	hallmark_50pool	HALLMARK_GLYCOLYSIS	200	200	proceed
INTEGRATED	hallmark_50pool	HALLMARK_HEDGEHOG_SIGNALING	36	36	proceed
INTEGRATED	hallmark_50pool	HALLMARK_HEME_METABOLISM	200	199	proceed
INTEGRATED	hallmark_50pool	HALLMARK_HYPOXIA	200	199	proceed
INTEGRATED	hallmark_50pool	HALLMARK_IL2_STAT5_SIGNALING	199	198	proceed
INTEGRATED	hallmark_50pool	HALLMARK_IL6_JAK_STAT3_SIGNALING	87	87	proceed
INTEGRATED	hallmark_50pool	HALLMARK_INFLAMMATORY_RESPONSE	200	200	proceed
INTEGRATED	hallmark_50pool	HALLMARK_INTERFERON_ALPHA_RESPONSE	97	97	proceed
INTEGRATED	hallmark_50pool	HALLMARK_INTERFERON_GAMMA_RESPONSE	200	196	proceed
INTEGRATED	hallmark_50pool	HALLMARK_KRAS_SIGNALING_DN	200	196	proceed
INTEGRATED	hallmark_50pool	HALLMARK_KRAS_SIGNALING_UP	200	199	proceed
INTEGRATED	hallmark_50pool	HALLMARK_MITOTIC_SPINDLE	199	197	proceed
INTEGRATED	hallmark_50pool	HALLMARK_MTORC1_SIGNALING	200	198	proceed
INTEGRATED	hallmark_50pool	HALLMARK_MYC_TARGETS_V1	200	196	proceed
INTEGRATED	hallmark_50pool	HALLMARK_MYC_TARGETS_V2	58	57	proceed
INTEGRATED	hallmark_50pool	HALLMARK_MYOGENESIS	200	197	proceed
INTEGRATED	hallmark_50pool	HALLMARK_NOTCH_SIGNALING	32	32	proceed
INTEGRATED	hallmark_50pool	HALLMARK_OXIDATIVE_PHOSPHORYLATION	200	198	proceed
INTEGRATED	hallmark_50pool	HALLMARK_P53_PATHWAY	200	199	proceed
INTEGRATED	hallmark_50pool	HALLMARK_PANCREAS_BETA_CELLS	40	40	proceed
INTEGRATED	hallmark_50pool	HALLMARK_PEROXISOME	104	103	proceed
INTEGRATED	hallmark_50pool	HALLMARK_PI3K_AKT_MTOR_SIGNALING	105	105	proceed
INTEGRATED	hallmark_50pool	HALLMARK_PROTEIN_SECRETION	96	96	proceed
INTEGRATED	hallmark_50pool	HALLMARK_REACTIVE_OXYGEN_SPECIES_PATHWAY	49	49	proceed
INTEGRATED	hallmark_50pool	HALLMARK_SPERMATOGENESIS	135	133	proceed
INTEGRATED	hallmark_50pool	HALLMARK_TGF_BETA_SIGNALING	54	54	proceed
INTEGRATED	hallmark_50pool	HALLMARK_TNFA_SIGNALING_VIA_NFKB	200	198	proceed
INTEGRATED	hallmark_50pool	HALLMARK_UNFOLDED_PROTEIN_RESPONSE	113	112	proceed
INTEGRATED	hallmark_50pool	HALLMARK_UV_RESPONSE_DN	144	141	proceed
INTEGRATED	hallmark_50pool	HALLMARK_UV_RESPONSE_UP	158	158	proceed
INTEGRATED	hallmark_50pool	HALLMARK_WNT_BETA_CATENIN_SIGNALING	42	41	proceed
INTEGRATED	hallmark_50pool	HALLMARK_XENOBIOTIC_METABOLISM	200	197	proceed
GSE83453	hypothesis_5pool	HALLMARK_MTORC1_SIGNALING	200	198	proceed
GSE83453	hypothesis_5pool	CUSTOM_LEPTIN_MTOR_SIGNALING	22	22	proceed
GSE83453	hypothesis_5pool	CUSTOM_MTOR_AUTOPHAGY_LIPOPHAGY_AXIS	20	20	proceed
GSE83453	hypothesis_5pool	CUSTOM_LIPOPHAGY_CORE	22	22	proceed
GSE83453	hypothesis_5pool	CUSTOM_VIC_OSTEOGENIC_DIFFERENTIATION	27	25	proceed
GSE83453	supplementary	CUSTOM_S100A9_RAGE_CALCIFICATION	17	17	proceed
GSE83453	hallmark_50pool	HALLMARK_ADIPOGENESIS	200	199	proceed
GSE83453	hallmark_50pool	HALLMARK_ALLOGRAFT_REJECTION	200	199	proceed
GSE83453	hallmark_50pool	HALLMARK_ANDROGEN_RESPONSE	100	100	proceed
GSE83453	hallmark_50pool	HALLMARK_ANGIOGENESIS	36	36	proceed
GSE83453	hallmark_50pool	HALLMARK_APICAL_JUNCTION	200	198	proceed
GSE83453	hallmark_50pool	HALLMARK_APICAL_SURFACE	44	44	proceed
GSE83453	hallmark_50pool	HALLMARK_APOPTOSIS	161	161	proceed
GSE83453	hallmark_50pool	HALLMARK_BILE_ACID_METABOLISM	112	111	proceed
GSE83453	hallmark_50pool	HALLMARK_CHOLESTEROL_HOMEOSTASIS	74	74	proceed
GSE83453	hallmark_50pool	HALLMARK_COAGULATION	138	136	proceed
GSE83453	hallmark_50pool	HALLMARK_COMPLEMENT	200	200	proceed
GSE83453	hallmark_50pool	HALLMARK_DNA_REPAIR	150	148	proceed
GSE83453	hallmark_50pool	HALLMARK_E2F_TARGETS	200	199	proceed
GSE83453	hallmark_50pool	HALLMARK_EPITHELIAL_MESENCHYMAL_TRANSITION	200	199	proceed
GSE83453	hallmark_50pool	HALLMARK_ESTROGEN_RESPONSE_EARLY	200	196	proceed
GSE83453	hallmark_50pool	HALLMARK_ESTROGEN_RESPONSE_LATE	200	197	proceed
GSE83453	hallmark_50pool	HALLMARK_FATTY_ACID_METABOLISM	158	158	proceed
GSE83453	hallmark_50pool	HALLMARK_G2M_CHECKPOINT	200	198	proceed
GSE83453	hallmark_50pool	HALLMARK_GLYCOLYSIS	200	199	proceed
GSE83453	hallmark_50pool	HALLMARK_HEDGEHOG_SIGNALING	36	36	proceed
GSE83453	hallmark_50pool	HALLMARK_HEME_METABOLISM	200	199	proceed
GSE83453	hallmark_50pool	HALLMARK_HYPOXIA	200	198	proceed
GSE83453	hallmark_50pool	HALLMARK_IL2_STAT5_SIGNALING	199	198	proceed
GSE83453	hallmark_50pool	HALLMARK_IL6_JAK_STAT3_SIGNALING	87	86	proceed
GSE83453	hallmark_50pool	HALLMARK_INFLAMMATORY_RESPONSE	200	200	proceed
GSE83453	hallmark_50pool	HALLMARK_INTERFERON_ALPHA_RESPONSE	97	97	proceed
GSE83453	hallmark_50pool	HALLMARK_INTERFERON_GAMMA_RESPONSE	200	197	proceed
GSE83453	hallmark_50pool	HALLMARK_KRAS_SIGNALING_DN	200	197	proceed
GSE83453	hallmark_50pool	HALLMARK_KRAS_SIGNALING_UP	200	198	proceed
GSE83453	hallmark_50pool	HALLMARK_MITOTIC_SPINDLE	199	197	proceed
GSE83453	hallmark_50pool	HALLMARK_MTORC1_SIGNALING	200	198	proceed
GSE83453	hallmark_50pool	HALLMARK_MYC_TARGETS_V1	200	196	proceed
GSE83453	hallmark_50pool	HALLMARK_MYC_TARGETS_V2	58	55	proceed
GSE83453	hallmark_50pool	HALLMARK_MYOGENESIS	200	197	proceed
GSE83453	hallmark_50pool	HALLMARK_NOTCH_SIGNALING	32	32	proceed
GSE83453	hallmark_50pool	HALLMARK_OXIDATIVE_PHOSPHORYLATION	200	198	proceed
GSE83453	hallmark_50pool	HALLMARK_P53_PATHWAY	200	196	proceed
GSE83453	hallmark_50pool	HALLMARK_PANCREAS_BETA_CELLS	40	40	proceed
GSE83453	hallmark_50pool	HALLMARK_PEROXISOME	104	104	proceed
GSE83453	hallmark_50pool	HALLMARK_PI3K_AKT_MTOR_SIGNALING	105	104	proceed
GSE83453	hallmark_50pool	HALLMARK_PROTEIN_SECRETION	96	96	proceed
GSE83453	hallmark_50pool	HALLMARK_REACTIVE_OXYGEN_SPECIES_PATHWAY	49	48	proceed
GSE83453	hallmark_50pool	HALLMARK_SPERMATOGENESIS	135	133	proceed
GSE83453	hallmark_50pool	HALLMARK_TGF_BETA_SIGNALING	54	53	proceed
GSE83453	hallmark_50pool	HALLMARK_TNFA_SIGNALING_VIA_NFKB	200	199	proceed
GSE83453	hallmark_50pool	HALLMARK_UNFOLDED_PROTEIN_RESPONSE	113	111	proceed
GSE83453	hallmark_50pool	HALLMARK_UV_RESPONSE_DN	144	142	proceed
GSE83453	hallmark_50pool	HALLMARK_UV_RESPONSE_UP	158	157	proceed
GSE83453	hallmark_50pool	HALLMARK_WNT_BETA_CATENIN_SIGNALING	42	42	proceed
GSE83453	hallmark_50pool	HALLMARK_XENOBIOTIC_METABOLISM	200	199	proceed
