pathway	cohort	cohort_short	bh_pool	N_input	N_mapped	NES	NES_SD	NES_lower_95CI	NES_upper_95CI	pval	padj	padj_within_pool	leading_edge	leading_edge_size	ranking_metric
CUSTOM_LEPTIN_MTOR_SIGNALING	GSE51472_hypothesis_5pool	GSE51472	hypothesis_5pool	22	22	-1.06564194035318	0.996313512644386	-3.01841642513617	0.887132544429821	0.360721442885772	0.601202404809619	0.601202404809619	LEPR,IRS1,FOXO1,IRS2,TSC2,DEPTOR,PIK3CA,AKT2,TSC1,AKT1,RPTOR	11	limma_logFC_with_stable_jitter_seed42
CUSTOM_LIPOPHAGY_CORE	GSE51472_hypothesis_5pool	GSE51472	hypothesis_5pool	22	22	-0.824638213432052	1.05638799965848	-2.89515869276266	1.24588226589856	0.735470941883767	0.919338677354709	0.919338677354709	GPAM,CIDEC,PPARA,PLIN4,LAMP2,CIDEA,FITM2,CPT1A	8	limma_logFC_with_stable_jitter_seed42
CUSTOM_MTOR_AUTOPHAGY_LIPOPHAGY_AXIS	GSE51472_hypothesis_5pool	GSE51472	hypothesis_5pool	20	20	0.521722126951272	1.0144955823816	-1.46668921451666	2.51013346841921	0.990079365079365	0.990079365079365	0.990079365079365	ATG5,PRKAA1,ATG7	3	limma_logFC_with_stable_jitter_seed42
CUSTOM_VIC_OSTEOGENIC_DIFFERENTIATION	GSE51472_hypothesis_5pool	GSE51472	hypothesis_5pool	27	25	1.6475967580956	1.11013204144557	-0.528262043137714	3.82345555932892	0.0152269829217736	0.038067457304434	0.038067457304434	IBSP,SPP1,RUNX2,ENPP1,DLX5,SLC20A1,WNT5A	7	limma_logFC_with_stable_jitter_seed42
HALLMARK_MTORC1_SIGNALING	GSE51472_hypothesis_5pool	GSE51472	hypothesis_5pool	200	198	1.81195381474006	0.981751809365212	-0.112279731615753	3.73618736109588	1.28288929733807e-05	6.41444648669037e-05	6.41444648669037e-05	IFI30,ITGB2,PDK1,SKAP2,CTSC,STC1,SLA,CXCR4,CORO1A,RRM2,SLC2A3,DAPP1,PGK1,BCAT1,ME1,GLRX,XBP1,SYTL2,HPRT1,MTHFD2,SLC2A1,NFIL3,PNP,TFRC,ACTR3,PLOD2,PSMG1,P4HA1,PSMD14,M6PR,HSPE1,IDH1,PSMA3,DDIT4,STARD4,ERO1A,SERP1,AURKA,LGMN,PPIA,SEC11A,PSMD13,YKT6,ACTR2,PSMA4,EDEM1,UBE2D3,SDF2L1,ARPC5L,PNO1,PSMC2,CDKN1A,TPI1,BUB1,ETF1,ATP2A2	56	limma_logFC_with_stable_jitter_seed42
CUSTOM_LEPTIN_MTOR_SIGNALING	INTEGRATED_hypothesis_5pool	INTEGRATED	hypothesis_5pool	22	22	-1.26156225215306	1.00537371023804	-3.23209472421961	0.708970219913497	0.175700934579439	0.292834890965732	0.292834890965732	LEPR,IRS1,FOXO1,TSC2,IRS2,DEPTOR,AKT1,AKT2,TSC1,PIK3CA	10	limma_logFC_with_stable_jitter_seed42
CUSTOM_LIPOPHAGY_CORE	INTEGRATED_hypothesis_5pool	INTEGRATED	hypothesis_5pool	22	22	-0.953793629654737	1.03116314092395	-2.97487338586569	1.06728612655621	0.510280373831776	0.63785046728972	0.63785046728972	GPAM,CIDEC,LAMP2,PPARA,PLIN4,FITM2,CIDEA,CPT1A,FABP4,GABARAPL1	10	limma_logFC_with_stable_jitter_seed42
CUSTOM_MTOR_AUTOPHAGY_LIPOPHAGY_AXIS	INTEGRATED_hypothesis_5pool	INTEGRATED	hypothesis_5pool	20	20	0.775317787323129	0.98573597907638	-1.15672473166657	2.70736030631283	0.779874213836478	0.779874213836478	0.779874213836478	PRKAA1,ATG5,ATG7,RAB7A,ATG12	5	limma_logFC_with_stable_jitter_seed42
CUSTOM_VIC_OSTEOGENIC_DIFFERENTIATION	INTEGRATED_hypothesis_5pool	INTEGRATED	hypothesis_5pool	27	25	1.71698599979818	1.03895128383663	-0.319358516521606	3.75333051611797	0.0087618109722622	0.0219045274306555	0.0219045274306555	IBSP,SPP1,RUNX2,ENPP1,COL1A1,DLX5,SLC20A1	7	limma_logFC_with_stable_jitter_seed42
HALLMARK_MTORC1_SIGNALING	INTEGRATED_hypothesis_5pool	INTEGRATED	hypothesis_5pool	200	198	1.89831072491456	1.04171489585205	-0.143450470955455	3.94007192078457	5.30060450275009e-07	2.65030225137504e-06	2.65030225137504e-06	IFI30,CTSC,ITGB2,CXCR4,CORO1A,STC1,PDK1,SLA,PGK1,SLC2A3,RRM2,ME1,SKAP2,SYTL2,BCAT1,GLRX,HPRT1,DAPP1,MTHFD2,PSMG1,M6PR,ACTR3,TFRC,SERP1,XBP1,PSMD14,PSMA3,NFIL3,P4HA1,PNP,HSPE1,IDH1,PPIA,ERO1A,PSMC2,PSMA4,LGMN,SDF2L1,ATP2A2,PSMD13,SEC11A,PLOD2,AURKA,ARPC5L,YKT6,EDEM1,CDKN1A,ETF1,SLC2A1,UBE2D3,TUBA4A,ATP6V1D,COPS5,STARD4,PSMC6,ACTR2,GCLC,TPI1,SC5D,BUB1,PNO1,EIF2S2,CACYBP,TES,UCHL5,DDX39A,NUPR1,LDHA,TCEA1,SLC1A5,EEF1E1,GLA	72	limma_logFC_with_stable_jitter_seed42
CUSTOM_LEPTIN_MTOR_SIGNALING	GSE83453_hypothesis_5pool	GSE83453	hypothesis_5pool	22	22	-1.40476672811419	1.04856610066748	-3.45995628542244	0.650422829194069	0.10062893081761	0.125786163522013	0.125786163522013	IRS2,LEPR,FOXO1,RPS6,IRS1,PIK3CB,RHEB,PTEN	8	limma_logFC_with_stable_jitter_seed42
CUSTOM_LIPOPHAGY_CORE	GSE83453_hypothesis_5pool	GSE83453	hypothesis_5pool	22	22	-1.80266345409629	1.04445997407937	-3.84980500329186	0.244478095099285	0.00388232442406703	0.00660176091538821	0.00660176091538821	CIDEC,FABP4,PLIN4,PLIN2,CD36,CIDEA,GPAM,RAB7A,LIPE,GABARAPL1,CPT1A,LAMP2,PNPLA8	13	limma_logFC_with_stable_jitter_seed42
CUSTOM_MTOR_AUTOPHAGY_LIPOPHAGY_AXIS	GSE83453_hypothesis_5pool	GSE83453	hypothesis_5pool	20	20	0.841046519899751	1.04244831764262	-1.20215218267978	2.88424522247929	0.687619047619048	0.687619047619048	0.687619047619048	MCOLN1,WIPI2,ATG7,WIPI1,ATG13,ZKSCAN3,PRKAA1,TFEB,ATG5,ATG12,ATG14,ULK1	12	limma_logFC_with_stable_jitter_seed42
CUSTOM_VIC_OSTEOGENIC_DIFFERENTIATION	GSE83453_hypothesis_5pool	GSE83453	hypothesis_5pool	27	25	1.87154463799352	1.02917863463207	-0.145645485885336	3.88873476187238	0.00191513745637355	0.00660176091538821	0.00660176091538821	SPP1,COL1A1,COL1A2,IBSP,SLC20A1,DLX5,RUNX2,ALPL,ENPP1	9	limma_logFC_with_stable_jitter_seed42
HALLMARK_MTORC1_SIGNALING	GSE83453_hypothesis_5pool	GSE83453	hypothesis_5pool	200	198	-1.40876127114082	1.00927320265078	-3.38693674833635	0.569414206054711	0.00396105654923293	0.00660176091538821	0.00660176091538821	BTG2,DDIT4,NAMPT,VLDLR,TCEA1,TXNRD1,MTHFD2,NFIL3,TM7SF2,ADD3,CACYBP,FGL2,SC5D,PHGDH,ACSL3,IDH1,HK2,PSMC6,PSAT1,PSMC4,SERP1,GBE1,SORD,GOT1,UFM1,PPA1,IFRD1,UBE2D3,DHCR7,CD9,AK4,ACACA,SQSTM1,SCD,ATP2A2,HSPD1,QDPR,IGFBP5,INSIG1,PSMA4,PNO1,PPP1R15A,TMEM97,IDI1,ADIPOR2,PSMD12,DHFR,HSP90B1,ASNS,DHCR24,TFRC,PSMG1,PSMA3,PGK1,CCNG1,MTHFD2L,PGM1	57	limma_logFC_with_stable_jitter_seed42
