scope	set_A	set_B	n_A	n_B	n_intersect	n_union	jaccard	threshold	passes	shared_genes
plan_section_4.1_four_custom	CUSTOM_LEPTIN_MTOR_SIGNALING	CUSTOM_MTOR_AUTOPHAGY_LIPOPHAGY_AXIS	22	20	0	42	0.0000	0.30	PASS	
plan_section_4.1_four_custom	CUSTOM_LEPTIN_MTOR_SIGNALING	CUSTOM_LIPOPHAGY_CORE	22	22	0	44	0.0000	0.30	PASS	
plan_section_4.1_four_custom	CUSTOM_LEPTIN_MTOR_SIGNALING	CUSTOM_VIC_OSTEOGENIC_DIFFERENTIATION	22	27	0	49	0.0000	0.30	PASS	
plan_section_4.1_four_custom	CUSTOM_MTOR_AUTOPHAGY_LIPOPHAGY_AXIS	CUSTOM_LIPOPHAGY_CORE	20	22	1	41	0.0244	0.30	PASS	RAB7A
plan_section_4.1_four_custom	CUSTOM_MTOR_AUTOPHAGY_LIPOPHAGY_AXIS	CUSTOM_VIC_OSTEOGENIC_DIFFERENTIATION	20	27	0	47	0.0000	0.30	PASS	
plan_section_4.1_four_custom	CUSTOM_LIPOPHAGY_CORE	CUSTOM_VIC_OSTEOGENIC_DIFFERENTIATION	22	27	0	49	0.0000	0.30	PASS	
all_five_custom_including_S100A9	CUSTOM_LEPTIN_MTOR_SIGNALING	CUSTOM_S100A9_RAGE_CALCIFICATION	22	17	0	39	0.0000	0.30	PASS	
all_five_custom_including_S100A9	CUSTOM_MTOR_AUTOPHAGY_LIPOPHAGY_AXIS	CUSTOM_S100A9_RAGE_CALCIFICATION	20	17	0	37	0.0000	0.30	PASS	
all_five_custom_including_S100A9	CUSTOM_LIPOPHAGY_CORE	CUSTOM_S100A9_RAGE_CALCIFICATION	22	17	0	39	0.0000	0.30	PASS	
all_five_custom_including_S100A9	CUSTOM_VIC_OSTEOGENIC_DIFFERENTIATION	CUSTOM_S100A9_RAGE_CALCIFICATION	27	17	0	44	0.0000	0.30	PASS	
