gene_symbol	PMID	citation_short	rationale_one_line	HGNC_ID	gene_set	curator_initials	date_added
LEP	37724323	Liu & Lai 2022 Med Rev	Encodes leptin secreted by adipocytes, ligand of LEPR that initiates JAK2–STAT and PI3K–AKT–mTOR signaling.	HGNC:6553	CUSTOM_LEPTIN_MTOR_SIGNALING	LZY	2026-05-26
LEPR	37724323	Liu & Lai 2022 Med Rev	Leptin receptor long isoform whose cytoplasmic tyrosines recruit JAK2, STAT3/5 and IRS proteins to trigger downstream pathways.	HGNC:6554	CUSTOM_LEPTIN_MTOR_SIGNALING	LZY	2026-05-26
JAK2	37724323	Liu & Lai 2022 Med Rev	Tyrosine kinase pre-associated with LEPR that autophosphorylates and phosphorylates LEPR tails upon leptin binding.	HGNC:6192	CUSTOM_LEPTIN_MTOR_SIGNALING	LZY	2026-05-26
STAT3	37724323	Liu & Lai 2022 Med Rev	Transcription factor recruited to LEPR Tyr1138 and phosphorylated by JAK2, then dimerizes to induce SOCS3 and other target genes.	HGNC:11364	CUSTOM_LEPTIN_MTOR_SIGNALING	LZY	2026-05-26
PIK3CA	28283069	Saxton & Sabatini 2017 Cell	Catalytic subunit p110α of class IA PI3K that generates PIP3 after binding IRS adaptors downstream of leptin.	HGNC:8975	CUSTOM_LEPTIN_MTOR_SIGNALING	LZY	2026-05-26
PIK3CB	28283069	Saxton & Sabatini 2017 Cell	Catalytic subunit p110β of PI3K that can sustain PIP3 and AKT activation especially when PTEN activity is low.	HGNC:8976	CUSTOM_LEPTIN_MTOR_SIGNALING	LZY	2026-05-26
AKT1	28283069	Saxton & Sabatini 2017 Cell	Serine/threonine kinase activated by PDK1 and mTORC2 that phosphorylates TSC2 to relieve its inhibition of RHEB–mTORC1.	HGNC:391	CUSTOM_LEPTIN_MTOR_SIGNALING	LZY	2026-05-26
AKT2	28283069	Saxton & Sabatini 2017 Cell	AKT isoform dominant in metabolic tissues, phosphorylating TSC2 and FOXO1 to couple leptin/insulin signals to mTORC1 and glucose metabolism.	HGNC:392	CUSTOM_LEPTIN_MTOR_SIGNALING	LZY	2026-05-26
MTOR	28283069	Saxton & Sabatini 2017 Cell	Catalytic subunit of mTORC1/2 that integrates leptin-driven PI3K–AKT input with nutrients to control protein synthesis and autophagy.	HGNC:3942	CUSTOM_LEPTIN_MTOR_SIGNALING	LZY	2026-05-26
RPTOR	28283069	Saxton & Sabatini 2017 Cell	Scaffold subunit defining mTORC1 that recruits substrates such as S6K1 and 4E-BP1 for phosphorylation by mTOR.	HGNC:30287	CUSTOM_LEPTIN_MTOR_SIGNALING	LZY	2026-05-26
DEPTOR	28283069	Saxton & Sabatini 2017 Cell	Endogenous inhibitor that binds mTORC1/2 and lowers S6K1/4E-BP1 phosphorylation while relieving negative feedback to PI3K–AKT.	HGNC:22953	CUSTOM_LEPTIN_MTOR_SIGNALING	LZY	2026-05-26
TSC1	28283069	Saxton & Sabatini 2017 Cell	Stabilizing partner of TSC2 forming a GAP complex that converts RHEB-GTP to RHEB-GDP and thereby suppresses mTORC1 when active.	HGNC:12362	CUSTOM_LEPTIN_MTOR_SIGNALING	LZY	2026-05-26
TSC2	28283069	Saxton & Sabatini 2017 Cell	GAP for RHEB whose phosphorylation by AKT inactivates the TSC complex and permits RHEB-dependent mTORC1 activation.	HGNC:12363	CUSTOM_LEPTIN_MTOR_SIGNALING	LZY	2026-05-26
RHEB	28283069	Saxton & Sabatini 2017 Cell	Lysosomal small GTPase that in its GTP-bound form directly binds and activates mTORC1.	HGNC:10011	CUSTOM_LEPTIN_MTOR_SIGNALING	LZY	2026-05-26
RPS6KB1	28283069	Saxton & Sabatini 2017 Cell	p70S6K1, canonical mTORC1 substrate phosphorylated on Thr389 that then phosphorylates ribosomal protein S6 to boost translation.	HGNC:10436	CUSTOM_LEPTIN_MTOR_SIGNALING	LZY	2026-05-26
EIF4EBP1	28283069	Saxton & Sabatini 2017 Cell	4E-BP1 translational repressor whose multisite phosphorylation by mTORC1 releases eIF4E to initiate cap-dependent translation.	HGNC:3288	CUSTOM_LEPTIN_MTOR_SIGNALING	LZY	2026-05-26
RPS6	28283069	Saxton & Sabatini 2017 Cell	40S ribosomal protein S6 phosphorylated by activated S6K1 to enhance translation of mRNAs encoding ribosomal and elongation factors.	HGNC:10429	CUSTOM_LEPTIN_MTOR_SIGNALING	LZY	2026-05-26
SOCS3	37724323	Liu & Lai 2022 Med Rev	Suppressor of cytokine signaling induced by leptin–STAT3 that binds LEPR–JAK2 and blocks further signaling as a negative feedback loop.	HGNC:19391	CUSTOM_LEPTIN_MTOR_SIGNALING	LZY	2026-05-26
IRS1	37724323	Liu & Lai 2022 Med Rev	Insulin receptor substrate phosphorylated on tyrosines to recruit PI3K, but also on serines by S6K1 to attenuate leptin/insulin signaling.	HGNC:6125	CUSTOM_LEPTIN_MTOR_SIGNALING	LZY	2026-05-26
IRS2	37724323	Liu & Lai 2022 Med Rev	IRS family member particularly important in hypothalamus and liver that couples leptin/insulin receptors to PI3K–AKT–mTOR activation.	HGNC:6126	CUSTOM_LEPTIN_MTOR_SIGNALING	LZY	2026-05-26
PTEN	28283069	Saxton & Sabatini 2017 Cell	Lipid phosphatase that dephosphorylates PIP3 to PIP2, directly opposing PI3K and restraining AKT–mTORC1 signaling strength.	HGNC:9588	CUSTOM_LEPTIN_MTOR_SIGNALING	LZY	2026-05-26
FOXO1	37724323	Liu & Lai 2022 Med Rev	Forkhead transcription factor phosphorylated by AKT at Thr24 leading to nuclear export and suppression of its gluconeogenic and anti-anabolic programs.	HGNC:3819	CUSTOM_LEPTIN_MTOR_SIGNALING	LZY	2026-05-26
ULK1	30633901	Levine & Kroemer 2019 Cell	Ser/Thr kinase at the apex of the autophagy initiation complex that is directly phosphorylated by mTORC1 at Ser757 to block its activation by AMPK and suppress autophagy under nutrient-rich conditions.	HGNC:12558	CUSTOM_MTOR_AUTOPHAGY_LIPOPHAGY_AXIS	LZY	2026-05-26
ATG13	30633901	Levine & Kroemer 2019 Cell	ULK1 complex subunit that binds ULK1 and FIP200 and is phosphorylated by mTORC1 as well as ULK1, thereby coupling nutrient status to autophagy initiation.	HGNC:29091	CUSTOM_MTOR_AUTOPHAGY_LIPOPHAGY_AXIS	LZY	2026-05-26
RB1CC1	30633901	Levine & Kroemer 2019 Cell	FIP200 scaffold protein in the ULK1–ATG13–ATG101 complex that organizes the kinase module at phagophore formation sites downstream of mTORC1.	HGNC:15574	CUSTOM_MTOR_AUTOPHAGY_LIPOPHAGY_AXIS	LZY	2026-05-26
TFEB	28283069	Saxton & Sabatini 2017 Cell	Master MiT/TFE transcription factor whose phosphorylation by lysosomal mTORC1 keeps it cytoplasmic; dephosphorylation allows nuclear entry to induce autophagy and lysosome genes.	HGNC:11753	CUSTOM_MTOR_AUTOPHAGY_LIPOPHAGY_AXIS	LZY	2026-05-26
TFE3	28283069	Saxton & Sabatini 2017 Cell	TFEB paralog that is similarly controlled by mTORC1-dependent phosphorylation and drives a largely overlapping autophagy–lysosome transcriptional program.	HGNC:11752	CUSTOM_MTOR_AUTOPHAGY_LIPOPHAGY_AXIS	LZY	2026-05-26
BECN1	30633901	Levine & Kroemer 2019 Cell	Core scaffold of the class III PI3K (PIK3C3) complex that generates PI3P at nascent autophagosomes downstream of the ULK1 complex.	HGNC:1034	CUSTOM_MTOR_AUTOPHAGY_LIPOPHAGY_AXIS	LZY	2026-05-26
ATG14	30633901	Levine & Kroemer 2019 Cell	Autophagy-specific subunit of the VPS34–BECN1 complex that targets PI3P production to isolation membranes and omegasomes for autophagosome nucleation.	HGNC:19962	CUSTOM_MTOR_AUTOPHAGY_LIPOPHAGY_AXIS	LZY	2026-05-26
PIK3C3	30633901	Levine & Kroemer 2019 Cell	Class III PI3K VPS34 that produces PI3P on phagophore membranes, recruiting WIPI proteins once activated by the ULK1–BECN1–ATG14 axis.	HGNC:8974	CUSTOM_MTOR_AUTOPHAGY_LIPOPHAGY_AXIS	LZY	2026-05-26
ATG7	30633901	Levine & Kroemer 2019 Cell	E1-like enzyme for both ATG12 and ATG8 (LC3/GABARAP) conjugation systems, essential for LC3 lipidation and autophagosome expansion.	HGNC:16935	CUSTOM_MTOR_AUTOPHAGY_LIPOPHAGY_AXIS	LZY	2026-05-26
ATG5	30633901	Levine & Kroemer 2019 Cell	Forms a covalent conjugate with ATG12 that acts as an E3-like ligase to promote LC3 lipidation and autophagosome membrane elongation.	HGNC:589	CUSTOM_MTOR_AUTOPHAGY_LIPOPHAGY_AXIS	LZY	2026-05-26
ATG12	30633901	Levine & Kroemer 2019 Cell	Ubiquitin-like protein conjugated to ATG5, creating the ATG12–ATG5–ATG16L1 complex required for LC3 lipidation.	HGNC:588	CUSTOM_MTOR_AUTOPHAGY_LIPOPHAGY_AXIS	LZY	2026-05-26
ATG16L1	30633901	Levine & Kroemer 2019 Cell	Coiled-coil protein that dimerizes and tethers ATG12–ATG5 to phagophore membranes, spatially defining sites of LC3 conjugation.	HGNC:21498	CUSTOM_MTOR_AUTOPHAGY_LIPOPHAGY_AXIS	LZY	2026-05-26
SQSTM1	30633901	Levine & Kroemer 2019 Cell	Selective autophagy receptor p62 that binds polyubiquitylated cargo via its UBA domain and LC3 via its LIR motif to deliver aggregates to autophagosomes.	HGNC:11280	CUSTOM_MTOR_AUTOPHAGY_LIPOPHAGY_AXIS	LZY	2026-05-26
RAB7A	30633901	Levine & Kroemer 2019 Cell	Late endosomal/lysosomal Rab GTPase that promotes autophagosome–lysosome fusion and proper lysosomal morphology, thereby enabling degradation of autophagic cargo.	HGNC:9788	CUSTOM_MTOR_AUTOPHAGY_LIPOPHAGY_AXIS	LZY	2026-05-26
STX17	30633901	Levine & Kroemer 2019 Cell	SNARE protein recruited to completed autophagosomes that forms a STX17–SNAP47–VAMP7/8 complex to drive autophagosome–lysosome membrane fusion.	HGNC:11432	CUSTOM_MTOR_AUTOPHAGY_LIPOPHAGY_AXIS	LZY	2026-05-26
WIPI1	30633901	Levine & Kroemer 2019 Cell	PI3P-binding effector at nascent autophagosomes that decodes the VPS34-generated PI3P signal and participates in early phagophore formation.	HGNC:25471	CUSTOM_MTOR_AUTOPHAGY_LIPOPHAGY_AXIS	LZY	2026-05-26
WIPI2	30633901	Levine & Kroemer 2019 Cell	WIPI family member that binds PI3P and directly recruits the ATG12–ATG5–ATG16L1 complex, thereby coupling PI3K signaling to LC3 lipidation.	HGNC:32225	CUSTOM_MTOR_AUTOPHAGY_LIPOPHAGY_AXIS	LZY	2026-05-26
PRKAA1	28283069	Saxton & Sabatini 2017 Cell	AMPKα1 catalytic subunit that phosphorylates ULK1 on activating sites while mTORC1 phosphorylates ULK1 on Ser757, together forming a regulatory triangle controlling autophagy induction.	HGNC:9376	CUSTOM_MTOR_AUTOPHAGY_LIPOPHAGY_AXIS	LZY	2026-05-26
ZKSCAN3	37175493	Li & Wen 2023 Int J Mol Sci	Zinc-finger transcription factor that acts as a master repressor of autophagy and lysosome genes, functioning as a TFEB antagonist in nutrient-replete cells.	HGNC:13853	CUSTOM_MTOR_AUTOPHAGY_LIPOPHAGY_AXIS	LZY	2026-05-26
MCOLN1	38766825	Tedeschi & Sapienza 2025 Curr Neuropharmacol	Lysosomal Ca2+ channel TRPML1 whose ROS- or nutrient-induced activation releases Ca2+ to activate calcineurin, driving TFEB dephosphorylation and nuclear translocation to enhance autophagy.	HGNC:13356	CUSTOM_MTOR_AUTOPHAGY_LIPOPHAGY_AXIS	LZY	2026-05-26
PLIN2	22536247	Singh & Cuervo 2012 Int J Cell Biol	Constitutive lipid-droplet coat protein whose CMA-mediated removal or loss exposes droplets to autophagy and lipases, thereby permitting lipophagy-driven TG hydrolysis.	HGNC:248	CUSTOM_LIPOPHAGY_CORE	LZY	2026-05-26
PLIN3	33794741	Filali-Mouncef & Hunter 2022 Autophagy	Perilipin family coat protein phosphorylated by mTORC1 and required for recruiting FIP200 and ATG16L1 to lipid droplets, acting as a docking platform to activate lipophagy.	HGNC:16893	CUSTOM_LIPOPHAGY_CORE	LZY	2026-05-26
PLIN5	33794741	Filali-Mouncef & Hunter 2022 Autophagy	Lipid-droplet protein that forms contact sites with mitochondria and FATP4 to channel lipolysis/lipophagy-derived fatty acids toward oxidative metabolism.	HGNC:33196	CUSTOM_LIPOPHAGY_CORE	LZY	2026-05-26
CIDEA	30523332	Olzmann & Carvalho 2019 Nat Rev Mol Cell Biol	Brown adipocyte lipid-droplet protein that promotes LD fusion and enlargement, increasing the size of droplets that subsequently require autophagic or lysosomal clearance.	HGNC:1976	CUSTOM_LIPOPHAGY_CORE	LZY	2026-05-26
CIDEC	30523332	Olzmann & Carvalho 2019 Nat Rev Mol Cell Biol	White adipocyte LD fusion protein (FSP27) that drives growth of unilocular droplets, limiting neutral lipase access and shaping the substrate pool for lipophagy.	HGNC:24229	CUSTOM_LIPOPHAGY_CORE	LZY	2026-05-26
FITM2	30523332	Olzmann & Carvalho 2019 Nat Rev Mol Cell Biol	ER membrane protein that interacts with tubule-forming proteins to organize sites of nascent lipid-droplet biogenesis, thereby setting up the LD population targeted by lipophagy.	HGNC:16135	CUSTOM_LIPOPHAGY_CORE	LZY	2026-05-26
DGAT1	30523332	Olzmann & Carvalho 2019 Nat Rev Mol Cell Biol	Acyl-CoA:diacylglycerol acyltransferase catalyzing the final step of TAG synthesis for lipid droplet formation, affecting the amount and distribution of LD cargo available for lipophagy.	HGNC:2843	CUSTOM_LIPOPHAGY_CORE	LZY	2026-05-26
DGAT2	30523332	Olzmann & Carvalho 2019 Nat Rev Mol Cell Biol	DGAT isoform that preferentially directs TAG into cytoplasmic lipid droplets, modulating LD size and proteome in ways that influence lipophagic flux.	HGNC:16940	CUSTOM_LIPOPHAGY_CORE	LZY	2026-05-26
PNPLA2	33794741	Filali-Mouncef & Hunter 2022 Autophagy	Adipose triglyceride lipase on LD surfaces that hydrolyzes TAG and functionally cooperates with lipophagy, with perilipin degradation enabling ATGL access.	HGNC:30802	CUSTOM_LIPOPHAGY_CORE	LZY	2026-05-26
LIPA	33794741	Filali-Mouncef & Hunter 2022 Autophagy	Lysosomal acid lipase that hydrolyzes cholesteryl esters and triglycerides within lysosomes, executing the terminal lipid breakdown step after lipophagic delivery of droplets.	HGNC:6617	CUSTOM_LIPOPHAGY_CORE	LZY	2026-05-26
LIPE	30523332	Olzmann & Carvalho 2019 Nat Rev Mol Cell Biol	Hormone-sensitive lipase that mediates cytosolic neutral lipolysis and cross-talks with lipophagy by processing droplets whose coats have been remodeled by autophagy.	HGNC:6621	CUSTOM_LIPOPHAGY_CORE	LZY	2026-05-26
MAP1LC3B	33794741	Filali-Mouncef & Hunter 2022 Autophagy	ATG8 family protein LC3B that becomes lipidated on autophagosomal membranes and is specifically recruited to lipid droplets during lipophagy to mark droplet-engulfing autophagosomes.	HGNC:13352	CUSTOM_LIPOPHAGY_CORE	LZY	2026-05-26
GABARAPL1	30633901	Levine & Kroemer 2019 Cell	LC3 paralog enriched on autophagosomal membranes that contributes to maturation and fusion of lipophagy-derived autophagosomes with lysosomes.	HGNC:4068	CUSTOM_LIPOPHAGY_CORE	LZY	2026-05-26
LAMP2	33794741	Filali-Mouncef & Hunter 2022 Autophagy	Lysosomal membrane glycoprotein essential for autolysosome formation and acid hydrolase function, required for efficient degradation of lipid droplets delivered by lipophagy.	HGNC:6501	CUSTOM_LIPOPHAGY_CORE	LZY	2026-05-26
RAB7A	33794741	Filali-Mouncef & Hunter 2022 Autophagy	Late endosomal/lysosomal Rab GTPase that drives movement and fusion of LD-containing autophagosomes with lysosomes in lipophagy pathways.	HGNC:9788	CUSTOM_LIPOPHAGY_CORE	LZY	2026-05-26
CD36	35991116	Rupert & Kolonin 2022 Immunometabolism	Fatty-acid translocase that mediates caveolae-dependent FA uptake and promotes lipid-droplet growth, thus regulating the load of lipophagy substrates in adipocytes.	HGNC:1663	CUSTOM_LIPOPHAGY_CORE	LZY	2026-05-26
FABP4	30523332	Olzmann & Carvalho 2019 Nat Rev Mol Cell Biol	Adipocyte fatty-acid binding protein that shuttles lipolysis or lipophagy-derived fatty acids to mitochondria and other organelles for oxidation or re-esterification.	HGNC:3559	CUSTOM_LIPOPHAGY_CORE	LZY	2026-05-26
CPT1A	33794741	Filali-Mouncef & Hunter 2022 Autophagy	Carnitine palmitoyltransferase 1A on the outer mitochondrial membrane that imports long-chain acyl-CoAs for β-oxidation, consuming fatty acids released by lipophagy.	HGNC:2328	CUSTOM_LIPOPHAGY_CORE	LZY	2026-05-26
PPARA	33794741	Filali-Mouncef & Hunter 2022 Autophagy	Nuclear receptor that transcriptionally coordinates fatty-acid oxidation and autophagy, including induction of genes that promote hepatic lipophagy during fasting.	HGNC:9232	CUSTOM_LIPOPHAGY_CORE	LZY	2026-05-26
PNPLA8	30391710	Hara & Yoda 2019 Biochim Biophys Acta Mol Cell Biol Lipids	Patatin-like phospholipase implicated in promoting lipophagy by mobilizing lipids from droplets and providing lipid building blocks for autophagosomal membranes.	HGNC:28900	CUSTOM_LIPOPHAGY_CORE	LZY	2026-05-26
GPAM	22385114	Cao & Konrad 2012 Endocr Metab Immune Disord Drug Targets	Glycerol-3-phosphate acyltransferase that commits fatty acyl groups to TAG synthesis upstream of lipid droplet biogenesis.	HGNC:24865	CUSTOM_LIPOPHAGY_CORE	LZY	2026-05-26
PLIN4	30523332	Olzmann & Carvalho 2019 Nat Rev Mol Cell Biol	Lipid-droplet coat protein that stabilizes large neutral-lipid stores and shapes the substrate pool available for lipophagy.	HGNC:29393	CUSTOM_LIPOPHAGY_CORE	LZY	2026-05-26
SPP1	36829083	Moncla & Briend 2023 Nat Rev Cardiol	Osteopontin matrix protein that binds mineral and integrins, promoting osteogenic matrix remodeling and appearing readily in calcifying VIC leading edges.	HGNC:11255	CUSTOM_VIC_OSTEOGENIC_DIFFERENTIATION	LZY	2026-05-26
IBSP	36829083	Moncla & Briend 2023 Nat Rev Cardiol	Bone sialoprotein that nucleates hydroxyapatite through its acidic and integrin-binding motifs and is a classic top-hit osteogenic marker.	HGNC:5341	CUSTOM_VIC_OSTEOGENIC_DIFFERENTIATION	LZY	2026-05-26
RUNX2	36829083	Moncla & Briend 2023 Nat Rev Cardiol	Master osteogenic transcription factor that drives VIC transition into an osteoblast-like program and activates SP7, ALPL and other mineralization genes.	HGNC:10472	CUSTOM_VIC_OSTEOGENIC_DIFFERENTIATION	LZY	2026-05-26
ALPL	36829083	Moncla & Briend 2023 Nat Rev Cardiol	Tissue-nonspecific alkaline phosphatase that hydrolyzes pyrophosphate and increases local inorganic phosphate to favor hydroxyapatite deposition.	HGNC:438	CUSTOM_VIC_OSTEOGENIC_DIFFERENTIATION	LZY	2026-05-26
BMP2	36829083	Moncla & Briend 2023 Nat Rev Cardiol	BMP ligand that activates SMAD signaling and induces RUNX2-dependent osteogenic reprogramming in valve interstitial cells.	HGNC:1069	CUSTOM_VIC_OSTEOGENIC_DIFFERENTIATION	LZY	2026-05-26
BGLAP	36829083	Moncla & Briend 2023 Nat Rev Cardiol	Late osteoblast marker osteocalcin whose expression reflects mature mineralizing programs and is often absent from top DEG lists, making it useful as a non-circular add-in.	HGNC:1043	CUSTOM_VIC_OSTEOGENIC_DIFFERENTIATION	LZY	2026-05-26
COL1A1	36829083	Moncla & Briend 2023 Nat Rev Cardiol	Type I collagen alpha-1 chain that builds the osteoid-like ECM scaffold and is frequently elevated during fibrotic-to-osteogenic VIC conversion.	HGNC:2197	CUSTOM_VIC_OSTEOGENIC_DIFFERENTIATION	LZY	2026-05-26
COL1A2	36829083	Moncla & Briend 2023 Nat Rev Cardiol	Type I collagen alpha-2 chain that pairs with COL1A1 to form the collagenous matrix supporting mineral deposition.	HGNC:2198	CUSTOM_VIC_OSTEOGENIC_DIFFERENTIATION	LZY	2026-05-26
SP7	36829083	Moncla & Briend 2023 Nat Rev Cardiol	RUNX2 downstream osteogenic transcription factor Osterix that is required for maturation of osteoblast-like VICs.	HGNC:17321	CUSTOM_VIC_OSTEOGENIC_DIFFERENTIATION	LZY	2026-05-26
DLX5	36829083	Moncla & Briend 2023 Nat Rev Cardiol	BMP-responsive homeobox factor that cooperates with RUNX2 to activate osteogenic gene expression programs.	HGNC:2918	CUSTOM_VIC_OSTEOGENIC_DIFFERENTIATION	LZY	2026-05-26
MSX2	36829083	Moncla & Briend 2023 Nat Rev Cardiol	Developmental homeobox factor linked to pro-calcific reprogramming in valves and bone-forming lineages.	HGNC:7392	CUSTOM_VIC_OSTEOGENIC_DIFFERENTIATION	LZY	2026-05-26
ATF4	36829083	Moncla & Briend 2023 Nat Rev Cardiol	Osteoblast transcription factor that supports matrix protein synthesis and late-stage mineralization.	HGNC:786	CUSTOM_VIC_OSTEOGENIC_DIFFERENTIATION	LZY	2026-05-26
MGP	36620697	Pan & Jie 2023 MedComm	Matrix Gla protein that directly binds nascent hydroxyapatite and antagonizes BMP signaling, acting as a potent anti-calcification brake.	HGNC:7060	CUSTOM_VIC_OSTEOGENIC_DIFFERENTIATION	LZY	2026-05-26
ENPP1	36620697	Pan & Jie 2023 MedComm	Ectonucleotide pyrophosphatase that generates extracellular pyrophosphate, the key soluble inhibitor of mineralization.	HGNC:3356	CUSTOM_VIC_OSTEOGENIC_DIFFERENTIATION	LZY	2026-05-26
ANKH	36620697	Pan & Jie 2023 MedComm	Pyrophosphate transport regulator that exports PPi to the extracellular compartment to restrain crystal growth.	HGNC:15492	CUSTOM_VIC_OSTEOGENIC_DIFFERENTIATION	LZY	2026-05-26
PHOSPHO1	36620697	Pan & Jie 2023 MedComm	Matrix-vesicle phosphatase that produces inorganic phosphate required for hydroxyapatite nucleation.	HGNC:16815	CUSTOM_VIC_OSTEOGENIC_DIFFERENTIATION	LZY	2026-05-26
SLC20A1	36620697	Pan & Jie 2023 MedComm	PiT1 phosphate importer that raises intracellular phosphate and is required for phosphate-driven osteochondrogenic switching.	HGNC:10946	CUSTOM_VIC_OSTEOGENIC_DIFFERENTIATION	LZY	2026-05-26
SLC20A2	36620697	Pan & Jie 2023 MedComm	PiT2 phosphate transporter that regulates phosphate flux and modulates calcification susceptibility.	HGNC:10947	CUSTOM_VIC_OSTEOGENIC_DIFFERENTIATION	LZY	2026-05-26
BMP4	36829083	Moncla & Briend 2023 Nat Rev Cardiol	BMP family ligand that engages SMAD signaling and promotes osteogenic differentiation of VICs.	HGNC:1071	CUSTOM_VIC_OSTEOGENIC_DIFFERENTIATION	LZY	2026-05-26
WNT3A	36829083	Moncla & Briend 2023 Nat Rev Cardiol	Canonical Wnt ligand that stabilizes beta-catenin to activate osteogenic transcription in calcifying valve cells.	HGNC:15983	CUSTOM_VIC_OSTEOGENIC_DIFFERENTIATION	LZY	2026-05-26
WNT5A	36829083	Moncla & Briend 2023 Nat Rev Cardiol	Non-canonical Wnt ligand that rewires VIC signaling and supports pro-osteogenic, pro-inflammatory states.	HGNC:12784	CUSTOM_VIC_OSTEOGENIC_DIFFERENTIATION	LZY	2026-05-26
TGFB1	36829083	Moncla & Briend 2023 Nat Rev Cardiol	TGF-beta ligand that drives VIC activation, ECM remodeling and pro-calcific phenotypic switching.	HGNC:11766	CUSTOM_VIC_OSTEOGENIC_DIFFERENTIATION	LZY	2026-05-26
LRP5	36829083	Moncla & Briend 2023 Nat Rev Cardiol	Wnt co-receptor that transduces canonical Wnt signals to beta-catenin during osteogenic reprogramming.	HGNC:6697	CUSTOM_VIC_OSTEOGENIC_DIFFERENTIATION	LZY	2026-05-26
LRP6	36829083	Moncla & Briend 2023 Nat Rev Cardiol	Wnt co-receptor that cooperates with LRP5 to amplify canonical Wnt signaling and mineralization.	HGNC:6698	CUSTOM_VIC_OSTEOGENIC_DIFFERENTIATION	LZY	2026-05-26
NOTCH1	36829083	Moncla & Briend 2023 Nat Rev Cardiol	Protective anti-osteogenic valve gene whose loss derepresses BMP2 and allows calcific reprogramming.	HGNC:7881	CUSTOM_VIC_OSTEOGENIC_DIFFERENTIATION	LZY	2026-05-26
KLF4	36829083	Moncla & Briend 2023 Nat Rev Cardiol	State-controlling transcription factor that modulates VIC quiescence versus activation and influences calcification susceptibility.	HGNC:6348	CUSTOM_VIC_OSTEOGENIC_DIFFERENTIATION	LZY	2026-05-26
POSTN	36829083	Moncla & Briend 2023 Nat Rev Cardiol	Periostin ECM protein that helps organize valve matrix and is induced during activated, remodeling VIC states.	HGNC:16953	CUSTOM_VIC_OSTEOGENIC_DIFFERENTIATION	LZY	2026-05-26
S100A8	22095980	Averill & Kerkhoff 2012 Arterioscler Thromb Vasc Biol	Calprotectin partner of S100A9 that forms the heterodimeric DAMP complex and helps engage RAGE/TLR4 signaling.	HGNC:10498	CUSTOM_S100A9_RAGE_CALCIFICATION	LZY	2026-05-26
S100A9	22095980	Averill & Kerkhoff 2012 Arterioscler Thromb Vasc Biol	Myeloid DAMP that signals through RAGE and TLR4 to activate NF-kB-dependent inflammatory programs.	HGNC:10499	CUSTOM_S100A9_RAGE_CALCIFICATION	LZY	2026-05-26
AGER	27547766	Kay & Simpson 2016 J Diabetes Res	RAGE receptor that binds S100A8/A9 and transduces NF-kB and PI3K signaling in inflammatory calcification contexts.	HGNC:320	CUSTOM_S100A9_RAGE_CALCIFICATION	LZY	2026-05-26
TLR4	32958760	Yu & Lin 2020 Signal Transduct Target Ther	Alternative receptor for S100A8/A9 that initiates MyD88-dependent inflammatory signaling.	HGNC:11850	CUSTOM_S100A9_RAGE_CALCIFICATION	LZY	2026-05-26
MYD88	32958760	Yu & Lin 2020 Signal Transduct Target Ther	Adaptor recruited by TLR4 to assemble the IRAK–TRAF6 complex that activates NF-kB.	HGNC:7562	CUSTOM_S100A9_RAGE_CALCIFICATION	LZY	2026-05-26
NFKB1	32958760	Yu & Lin 2020 Signal Transduct Target Ther	NF-kB p50 subunit that dimerizes with RELA to drive transcription of inflammatory cytokines and chemokines.	HGNC:7794	CUSTOM_S100A9_RAGE_CALCIFICATION	LZY	2026-05-26
RELA	32958760	Yu & Lin 2020 Signal Transduct Target Ther	NF-kB p65 subunit that mediates inflammatory gene activation downstream of RAGE/TLR4/MyD88.	HGNC:9955	CUSTOM_S100A9_RAGE_CALCIFICATION	LZY	2026-05-26
NFKBIA	32958760	Yu & Lin 2020 Signal Transduct Target Ther	IkB alpha inhibitor that retains NF-kB in the cytoplasm until phosphorylated and degraded after receptor stimulation.	HGNC:7797	CUSTOM_S100A9_RAGE_CALCIFICATION	LZY	2026-05-26
TNF	32958760	Yu & Lin 2020 Signal Transduct Target Ther	Pro-inflammatory cytokine induced by NF-kB that amplifies the inflammatory circuit in calcifying lesions.	HGNC:11892	CUSTOM_S100A9_RAGE_CALCIFICATION	LZY	2026-05-26
IL1B	32958760	Yu & Lin 2020 Signal Transduct Target Ther	Inflammasome-linked cytokine that promotes osteogenic and inflammatory activation in calcification microenvironments.	HGNC:5992	CUSTOM_S100A9_RAGE_CALCIFICATION	LZY	2026-05-26
IL6	32958760	Yu & Lin 2020 Signal Transduct Target Ther	NF-kB-responsive cytokine that engages JAK-STAT signaling and reinforces inflammatory calcification programs.	HGNC:6018	CUSTOM_S100A9_RAGE_CALCIFICATION	LZY	2026-05-26
CXCL8	32958760	Yu & Lin 2020 Signal Transduct Target Ther	Chemokine that recruits neutrophils and myeloid cells, sustaining inflammatory remodeling in calcified tissue.	HGNC:6025	CUSTOM_S100A9_RAGE_CALCIFICATION	LZY	2026-05-26
MMP9	24186934	Yabluchanskiy & Ma 2013 Physiology	Matrix metalloproteinase that remodels extracellular matrix and facilitates inflammatory and calcific tissue remodeling.	HGNC:7176	CUSTOM_S100A9_RAGE_CALCIFICATION	LZY	2026-05-26
NOS2	32958760	Yu & Lin 2020 Signal Transduct Target Ther	Inducible nitric oxide synthase that generates reactive nitrogen species and links inflammatory signaling to oxidative stress.	HGNC:7873	CUSTOM_S100A9_RAGE_CALCIFICATION	LZY	2026-05-26
NLRP3	31036962	Swanson & Deng 2019 Nat Rev Immunol	Inflammasome sensor that integrates danger signals to drive caspase-1 activation and IL-1 family maturation.	HGNC:16400	CUSTOM_S100A9_RAGE_CALCIFICATION	LZY	2026-05-26
CASP1	31036962	Swanson & Deng 2019 Nat Rev Immunol	Inflammasome effector protease that cleaves pro-IL-1beta and pro-IL-18 to produce active cytokines.	HGNC:1499	CUSTOM_S100A9_RAGE_CALCIFICATION	LZY	2026-05-26
IL18	29880500	Grebe & Hoss 2018 Circ Res	Inflammasome product cytokine that amplifies sterile inflammation and can contribute to calcification-associated immune activation.	HGNC:5986	CUSTOM_S100A9_RAGE_CALCIFICATION	LZY	2026-05-26
